age,job_title,education_level,years_experience,salary,seniority_level
32.0,software engineer,bachelor,5.0,90000.0,junior
28.0,data analyst,master,3.0,65000.0,junior
45.0,manager,phd,15.0,150000.0,senior
36.0,sales associate,bachelor,7.0,60000.0,junior
52.0,general director,master,20.0,200000.0,junior
29.0,marketing analyst,bachelor,2.0,55000.0,junior
42.0,product manager,master,12.0,120000.0,junior
31.0,sales manager,bachelor,4.0,80000.0,junior
26.0,marketing coordinator,bachelor,1.0,45000.0,junior
38.0,research scientist,phd,10.0,110000.0,senior
29.0,software developer,master,3.0,75000.0,junior
48.0,hr manager,bachelor,18.0,140000.0,junior
35.0,financial analyst,bachelor,6.0,65000.0,junior
40.0,project manager,master,14.0,130000.0,junior
27.0,customer service representative,bachelor,2.0,40000.0,junior
44.0,operations manager,bachelor,16.0,125000.0,junior
33.0,marketing manager,master,7.0,90000.0,junior
39.0,engineer,phd,12.0,115000.0,senior
25.0,data entry clerk,bachelor,0.0,35000.0,junior
51.0,sales director,bachelor,22.0,180000.0,junior
34.0,business analyst,master,5.0,80000.0,junior
47.0,vp of operations,master,19.0,190000.0,junior
30.0,it support specialist,bachelor,2.0,50000.0,junior
36.0,recruiter,bachelor,9.0,60000.0,junior
41.0,financial manager,master,13.0,140000.0,junior
28.0,social media specialist,bachelor,3.0,45000.0,junior
37.0,software manager,master,11.0,110000.0,junior
24.0,software developer,bachelor,1.0,40000.0,junior
43.0,consultant,phd,15.0,140000.0,senior
33.0,product designer,master,6.0,90000.0,junior
31.0,accountant,bachelor,4.0,55000.0,junior
29.0,data scientist,master,3.0,75000.0,junior
39.0,marketing specialist,bachelor,10.0,65000.0,junior
46.0,manager,phd,20.0,170000.0,senior
27.0,technical writer,bachelor,2.0,45000.0,junior
35.0,hr generalist,bachelor,7.0,60000.0,junior
42.0,project engineer,master,14.0,115000.0,junior
26.0,customer success manager,bachelor,1.0,40000.0,junior
49.0,sales executive,bachelor,21.0,160000.0,junior
34.0,ux designer,master,5.0,80000.0,junior
48.0,operations director,master,18.0,190000.0,junior
30.0,network engineer,bachelor,3.0,60000.0,junior
36.0,administrative assistant,bachelor,8.0,45000.0,junior
41.0,strategy consultant,master,13.0,130000.0,junior
28.0,copywriter,bachelor,2.0,40000.0,junior
32.0,account manager,bachelor,5.0,75000.0,junior
45.0,director of marketing,master,16.0,180000.0,junior
38.0,research scientist,phd,11.0,120000.0,senior
25.0,help desk analyst,bachelor,0.0,35000.0,junior
51.0,customer service manager,bachelor,22.0,130000.0,junior
33.0,business intelligence analyst,master,7.0,85000.0,junior
40.0,event coordinator,bachelor,12.0,60000.0,junior
47.0,vp of finance,master,19.0,200000.0,junior
29.0,graphic designer,bachelor,3.0,50000.0,junior
36.0,sales manager,bachelor,9.0,95000.0,junior
27.0,ux researcher,master,2.0,65000.0,junior
43.0,engineer,phd,17.0,140000.0,senior
30.0,social media manager,bachelor,4.0,55000.0,junior
35.0,product manager,master,7.0,105000.0,junior
51.0,director of operations,master,23.0,170000.0,junior
29.0,marketing analyst,bachelor,3.0,50000.0,junior
40.0,hr manager,bachelor,12.0,80000.0,junior
47.0,data scientist,phd,21.0,180000.0,senior
26.0,accountant,bachelor,1.0,35000.0,junior
38.0,digital marketing manager,master,10.0,90000.0,junior
46.0,it manager,bachelor,19.0,120000.0,junior
31.0,customer service representative,bachelor,5.0,45000.0,junior
34.0,business development manager,master,8.0,90000.0,junior
49.0,financial analyst,master,18.0,150000.0,senior
33.0,web developer,bachelor,6.0,65000.0,junior
39.0,recruiter,bachelor,11.0,70000.0,junior
45.0,director of research,phd,16.0,190000.0,junior
28.0,technical support specialist,bachelor,2.0,40000.0,junior
42.0,creative director,master,14.0,120000.0,junior
37.0,project manager,bachelor,10.0,95000.0,junior
50.0,operations manager,bachelor,22.0,160000.0,junior
32.0,software engineer,master,6.0,100000.0,senior
48.0,human resources director,master,20.0,180000.0,junior
30.0,content marketing manager,bachelor,3.0,55000.0,junior
36.0,technical recruiter,bachelor,8.0,70000.0,junior
41.0,data analyst,master,13.0,80000.0,junior
25.0,sales representative,bachelor,0.0,30000.0,junior
29.0,designer,bachelor,2.0,40000.0,junior
34.0,financial advisor,master,10.0,95000.0,junior
27.0,account manager,bachelor,2.0,45000.0,junior
40.0,hr generalist,bachelor,15.0,80000.0,junior
46.0,project manager,master,21.0,135000.0,senior
31.0,marketing coordinator,bachelor,6.0,55000.0,junior
36.0,principal scientist,phd,11.0,120000.0,junior
29.0,sales associate,bachelor,3.0,40000.0,junior
43.0,supply chain manager,bachelor,18.0,105000.0,junior
52.0,marketing manager,master,25.0,170000.0,senior
33.0,business analyst,bachelor,7.0,75000.0,junior
39.0,training specialist,bachelor,12.0,65000.0,junior
47.0,research scientist,phd,22.0,160000.0,junior
26.0,software developer,bachelor,1.0,35000.0,junior
38.0,public relations manager,master,10.0,90000.0,junior
45.0,operations analyst,bachelor,20.0,110000.0,junior
31.0,event coordinator,bachelor,5.0,45000.0,junior
35.0,product marketing manager,master,8.0,95000.0,junior
49.0,hr manager,master,19.0,150000.0,senior
33.0,web developer,bachelor,5.0,50000.0,junior
39.0,project coordinator,master,13.0,80000.0,senior
30.0,digital content producer,bachelor,3.0,50000.0,junior
36.0,it support specialist,bachelor,7.0,60000.0,junior
41.0,marketing analyst,master,14.0,100000.0,senior
28.0,customer success manager,bachelor,2.0,40000.0,junior
42.0,graphic designer,master,15.0,110000.0,senior
37.0,software project manager,bachelor,9.0,95000.0,junior
50.0,supply chain analyst,bachelor,22.0,130000.0,junior
32.0,business analyst,master,6.0,90000.0,senior
23.0,marketing analyst,bachelor,0.5,35000.0,junior
31.0,financial analyst,master,6.0,95000.0,senior
40.0,office manager,bachelor,15.0,65000.0,junior
48.0,principal engineer,phd,20.0,170000.0,junior
29.0,hr generalist,bachelor,3.0,45000.0,junior
35.0,product manager,master,10.0,120000.0,senior
42.0,sales manager,bachelor,17.0,100000.0,junior
53.0,director of marketing,master,25.0,180000.0,junior
33.0,operations analyst,bachelor,5.0,50000.0,junior
38.0,customer service manager,bachelor,11.0,80000.0,junior
44.0,research scientist,phd,16.0,140000.0,senior
26.0,accountant,bachelor,2.0,40000.0,junior
37.0,hr generalist,master,9.0,95000.0,senior
45.0,sales operations manager,bachelor,18.0,110000.0,junior
32.0,marketing coordinator,bachelor,4.0,50000.0,junior
34.0,software developer,master,8.0,105000.0,senior
50.0,director of operations,master,21.0,160000.0,junior
29.0,web designer,bachelor,3.0,45000.0,junior
40.0,training specialist,master,12.0,100000.0,senior
47.0,research scientist,phd,22.0,160000.0,senior
27.0,sales representative,bachelor,1.0,35000.0,junior
39.0,administrative assistant,bachelor,10.0,55000.0,junior
46.0,project manager,master,19.0,140000.0,senior
30.0,marketing manager,bachelor,4.0,50000.0,junior
36.0,data analyst,bachelor,7.0,60000.0,junior
43.0,product marketing manager,master,14.0,120000.0,senior
28.0,business analyst,bachelor,2.0,40000.0,junior
41.0,marketing manager,master,13.0,110000.0,senior
33.0,software developer,bachelor,5.0,50000.0,junior
47.0,sales manager,bachelor,20.0,135000.0,senior
25.0,marketing specialist,master,1.5,40000.0,junior
34.0,business analyst,bachelor,8.0,90000.0,senior
42.0,data scientist,phd,16.0,150000.0,senior
31.0,project manager,bachelor,4.0,60000.0,junior
38.0,accountant,bachelor,10.0,80000.0,senior
45.0,director of sales,master,19.0,175000.0,junior
29.0,recruiter,bachelor,3.0,45000.0,junior
36.0,business development manager,master,11.0,120000.0,senior
43.0,product designer,phd,18.0,140000.0,senior
26.0,customer support specialist,bachelor,2.0,35000.0,junior
37.0,marketing analyst,master,9.0,95000.0,senior
44.0,it support specialist,bachelor,14.0,110000.0,senior
32.0,financial analyst,bachelor,5.0,50000.0,junior
33.0,operations manager,master,7.0,115000.0,senior
51.0,director of human resources,phd,23.0,185000.0,junior
28.0,software engineer,bachelor,2.0,40000.0,junior
39.0,sales representative,bachelor,12.0,90000.0,senior
48.0,director of product management,master,21.0,175000.0,junior
30.0,copywriter,bachelor,3.0,45000.0,junior
35.0,marketing coordinator,bachelor,7.0,80000.0,senior
41.0,human resources manager,master,13.0,120000.0,senior
27.0,business development associate,bachelor,1.5,35000.0,junior
40.0,account manager,bachelor,14.0,110000.0,senior
46.0,researcher,phd,18.0,150000.0,senior
31.0,hr coordinator,bachelor,4.0,50000.0,junior
34.0,software engineer,master,9.0,105000.0,senior
50.0,director of finance,master,20.0,180000.0,junior
29.0,marketing coordinator,bachelor,2.0,40000.0,junior
43.0,project manager,bachelor,16.0,140000.0,senior
26.0,data scientist,master,1.5,45000.0,junior
35.0,operations analyst,bachelor,7.0,85000.0,senior
42.0,marketing manager,phd,18.0,140000.0,senior
31.0,accountant,bachelor,4.0,50000.0,junior
38.0,human resources coordinator,bachelor,10.0,80000.0,senior
46.0,director of operations,master,20.0,170000.0,junior
29.0,sales representative,bachelor,2.0,40000.0,junior
37.0,business analyst,master,9.0,105000.0,senior
44.0,ux designer,phd,15.0,145000.0,senior
27.0,product manager,bachelor,2.0,40000.0,junior
36.0,marketing specialist,bachelor,8.0,85000.0,senior
43.0,project manager,bachelor,14.0,130000.0,senior
33.0,financial analyst,master,6.0,95000.0,senior
34.0,quality assurance analyst,bachelor,9.0,100000.0,senior
50.0,director of sales and marketing,phd,22.0,180000.0,junior
28.0,operations analyst,bachelor,1.5,35000.0,junior
39.0,account executive,bachelor,12.0,95000.0,senior
47.0,director of business development,master,19.0,170000.0,junior
30.0,social media manager,bachelor,3.0,45000.0,junior
34.0,product manager,bachelor,7.0,95000.0,senior
40.0,human resources specialist,master,13.0,120000.0,senior
41.0,marketing coordinator,bachelor,11.0,90000.0,senior
45.0,data analyst,phd,17.0,155000.0,senior
32.0,account manager,bachelor,5.0,55000.0,junior
35.0,software developer,master,9.0,110000.0,senior
49.0,director of human capital,master,21.0,180000.0,junior
30.0,advertising coordinator,bachelor,3.0,45000.0,junior
44.0,sales manager,bachelor,16.0,130000.0,senior
27.0,ux designer,master,1.5,45000.0,junior
36.0,accountant,bachelor,7.0,90000.0,senior
41.0,marketing director,phd,17.0,160000.0,senior
31.0,hr generalist,bachelor,4.0,50000.0,junior
39.0,operations manager,bachelor,10.0,120000.0,senior
47.0,director of finance,master,20.0,170000.0,junior
30.0,marketing coordinator,bachelor,2.0,40000.0,junior
38.0,it consultant,master,9.0,110000.0,senior
45.0,product designer,phd,15.0,150000.0,senior
28.0,business development associate,bachelor,2.0,40000.0,junior
35.0,marketing analyst,bachelor,8.0,85000.0,senior
44.0,software engineer,bachelor,14.0,130000.0,senior
34.0,financial advisor,master,6.0,100000.0,senior
35.0,project coordinator,bachelor,9.0,95000.0,senior
50.0,director of operations,phd,22.0,180000.0,junior
29.0,business operations analyst,bachelor,1.5,35000.0,junior
40.0,sales representative,bachelor,12.0,100000.0,senior
48.0,director of marketing,master,19.0,170000.0,junior
31.0,social media specialist,bachelor,3.0,45000.0,junior
33.0,product development manager,bachelor,7.0,100000.0,senior
42.0,human resources manager,master,13.0,140000.0,senior
28.0,financial analyst,bachelor,2.0,40000.0,junior
40.0,marketing manager,bachelor,11.0,105000.0,senior
46.0,data scientist,phd,18.0,160000.0,senior
33.0,operations manager,bachelor,5.0,70000.0,junior
37.0,software architect,master,9.0,120000.0,senior
51.0,director of human resources,master,21.0,190000.0,junior
30.0,marketing specialist,bachelor,3.0,45000.0,junior
43.0,project manager,bachelor,15.0,120000.0,senior
27.0,research scientist,master,1.5,50000.0,junior
35.0,operations analyst,bachelor,8.0,85000.0,senior
42.0,marketing manager,phd,13.0,140000.0,senior
32.0,sales representative,bachelor,3.0,45000.0,junior
37.0,financial analyst,bachelor,9.0,100000.0,senior
45.0,software developer,master,16.0,140000.0,senior
33.0,operations analyst,bachelor,5.0,70000.0,junior
39.0,marketing specialist,bachelor,10.0,120000.0,senior
44.0,hr manager,phd,18.0,160000.0,senior
29.0,business analyst,bachelor,1.5,40000.0,junior
38.0,product manager,bachelor,10.0,120000.0,senior
46.0,data analyst,phd,19.0,150000.0,senior
34.0,marketing analyst,bachelor,6.0,70000.0,junior
36.0,operations manager,bachelor,8.0,95000.0,senior
49.0,director of marketing,master,21.0,180000.0,junior
31.0,financial analyst,bachelor,3.0,50000.0,junior
41.0,project coordinator,bachelor,11.0,95000.0,senior
47.0,director of operations,master,20.0,170000.0,junior
29.0,business operations analyst,bachelor,1.5,350.0,junior
37.0,financial manager,bachelor,10.0,120000.0,senior
31.0,marketing coordinator,bachelor,3.0,50000.0,junior
42.0,operations manager,bachelor,12.0,110000.0,senior
29.0,sales representative,bachelor,1.5,40000.0,junior
36.0,marketing specialist,bachelor,8.0,95000.0,senior
44.0,hr specialist,master,15.0,140000.0,senior
33.0,operations manager,bachelor,4.0,60000.0,junior
39.0,marketing coordinator,bachelor,9.0,110000.0,senior
45.0,data engineer,phd,16.0,150000.0,senior
32.0,marketing manager,bachelor,4.0,60000.0,junior
37.0,financial analyst,bachelor,8.0,90000.0,senior
47.0,director of marketing,master,20.0,180000.0,junior
30.0,business analyst,bachelor,2.0,40000.0,junior
38.0,project manager,bachelor,9.0,120000.0,senior
46.0,data analyst,phd,17.0,160000.0,senior
34.0,financial analyst,bachelor,5.0,70000.0,junior
36.0,product manager,bachelor,8.0,95000.0,senior
49.0,director of operations,master,21.0,180000.0,junior
31.0,operations analyst,bachelor,3.0,50000.0,junior
47.0,director of marketing,master,19.0,170000.0,junior
29.0,business development associate,bachelor,1.5,35000.0,junior
35.0,financial manager,bachelor,9.0,100000.0,senior
44.0,product designer,phd,15.0,150000.0,senior
33.0,business analyst,bachelor,4.0,60000.0,junior
44.0,software engineer,bachelor,13.0,130000.0,senior
32.0,product manager,bachelor,4.0,65000.0,junior
38.0,business analyst,bachelor,10.0,110000.0,senior
49.0,director of operations,phd,21.0,180000.0,junior
29.0,marketing specialist,bachelor,2.0,40000.0,junior
35.0,business development manager,bachelor,7.0,90000.0,senior
45.0,hr manager,master,14.0,140000.0,senior
33.0,financial analyst,bachelor,4.0,60000.0,junior
40.0,marketing manager,bachelor,12.0,130000.0,senior
44.0,data scientist,phd,16.0,160000.0,senior
30.0,operations coordinator,bachelor,2.0,40000.0,junior
37.0,marketing analyst,bachelor,9.0,100000.0,senior
48.0,director of hr,master,20.0,180000.0,junior
31.0,project manager,bachelor,3.0,55000.0,junior
38.0,operations coordinator,bachelor,9.0,120000.0,senior
33.0,marketing manager,bachelor,5.0,70000.0,junior
36.0,business analyst,bachelor,8.0,95000.0,senior
42.0,project manager,bachelor,12.0,120000.0,senior
34.0,financial advisor,master,6.0,80000.0,senior
30.0,hr coordinator,bachelor,2.0,40000.0,junior
37.0,business development manager,bachelor,10.0,120000.0,senior
45.0,marketing manager,master,16.0,160000.0,senior
32.0,financial advisor,bachelor,4.0,65000.0,junior
39.0,project manager,bachelor,12.0,130000.0,senior
47.0,director of engineering,phd,20.0,180000.0,junior
29.0,marketing analyst,bachelor,2.0,40000.0,junior
36.0,operations manager,bachelor,9.0,100000.0,senior
43.0,data scientist,phd,15.0,150000.0,senior
32.0,marketing coordinator,bachelor,3.0,55000.0,junior
48.0,director of marketing,master,21.0,180000.0,junior
31.0,business development associate,bachelor,3.0,50000.0,junior
40.0,financial analyst,bachelor,12.0,130000.0,senior
45.0,ux designer,phd,16.0,160000.0,senior
33.0,product manager,bachelor,4.0,60000.0,junior
36.0,marketing manager,bachelor,8.0,95000.0,senior
47.0,director of operations,master,19.0,170000.0,junior
29.0,project manager,bachelor,2.0,40000.0,junior
34.0,operations coordinator,bachelor,7.0,90000.0,senior
44.0,business analyst,phd,15.0,150000.0,senior
33.0,marketing specialist,bachelor,5.0,70000.0,junior
35.0,financial manager,bachelor,8.0,90000.0,senior
43.0,director of marketing,master,18.0,170000.0,junior
41.0,product manager,bachelor,14.0,150000.0,senior
44.0,data engineer,phd,16.0,160000.0,senior
45.0,director of engineering,master,19.0,180000.0,junior
28.0,operations manager,bachelor,1.0,35000.0,junior
36.0,business development manager,bachelor,8.0,110000.0,senior
31.0,marketing coordinator,bachelor,3.0,55000.0,junior
43.0,director of operations,master,19.0,170000.0,junior
31.0,data scientist,master,6.0,160000.0,junior
28.0,software engineer,bachelor,3.0,125000.0,junior
26.0,product manager,master,2.0,120000.0,junior
27.0,data analyst,bachelor,2.0,110000.0,junior
30.0,data scientist,phd,5.0,180000.0,junior
29.0,software engineer,bachelor,4.0,140000.0,junior
32.0,product manager,bachelor,7.0,170000.0,junior
25.0,data analyst,master,1.0,100000.0,junior
33.0,data scientist,phd,8.0,190000.0,junior
31.0,software engineer,bachelor,6.0,155000.0,junior
28.0,product manager,master,3.0,130000.0,junior
30.0,data analyst,bachelor,5.0,145000.0,junior
27.0,data scientist,phd,2.0,115000.0,junior
34.0,product manager,bachelor,9.0,185000.0,junior
26.0,data analyst,bachelor,3.0,130000.0,junior
29.0,data scientist,master,6.0,180000.0,junior
32.0,software engineer,bachelor,8.0,190000.0,junior
27.0,product manager,bachelor,4.0,150000.0,junior
24.0,data analyst,bachelor,1.0,90000.0,junior
31.0,data scientist,master,9.0,195000.0,junior
28.0,software engineer,bachelor,5.0,160000.0,junior
33.0,product manager,master,11.0,198000.0,junior
25.0,data analyst,bachelor,2.0,110000.0,junior
30.0,data scientist,phd,7.0,185000.0,junior
27.0,software engineer,bachelor,4.0,140000.0,junior
34.0,product manager,master,12.0,196000.0,junior
23.0,data analyst,bachelor,1.0,95000.0,junior
32.0,data scientist,phd,10.0,193000.0,junior
29.0,software engineer,bachelor,6.0,175000.0,junior
30.0,product manager,bachelor,5.0,160000.0,junior
31.0,data scientist,master,6.0,180000.0,junior
31.0,data analyst,bachelor,9.0,195000.0,junior
30.0,data analyst,bachelor,5.0,160000.0,junior
31.0,data scientist,phd,9.0,195000.0,junior
25.0,data analyst,bachelor,2.0,125000.0,junior
28.0,data scientist,master,6.0,175000.0,junior
30.0,software engineer,bachelor,8.0,190000.0,junior
24.0,data analyst,bachelor,1.0,95000.0,junior
23.0,data analyst,bachelor,1.0,90000.0,junior
29.0,software engineer,bachelor,6.0,170000.0,junior
26.0,data analyst,bachelor,3.0,135000.0,junior
25.0,data analyst,bachelor,2.0,115000.0,junior
27.0,data scientist,master,4.0,150000.0,junior
24.0,product manager,bachelor,3.0,125000.0,junior
31.0,data scientist,master,7.0,180000.0,junior
33.0,product manager,master,10.0,195000.0,junior
30.0,data scientist,phd,6.0,170000.0,junior
34.0,product manager,master,11.0,196000.0,junior
23.0,data analyst,bachelor,1.0,92000.0,junior
32.0,data scientist,phd,9.0,195000.0,junior
28.0,software engineer,bachelor,5.0,165000.0,junior
25.0,data analyst,bachelor,3.0,135000.0,junior
33.0,product manager,master,11.0,196000.0,junior
24.0,data analyst,bachelor,1.0,92000.0,junior
32.0,data analyst,bachelor,5.0,135000.0,junior
27.0,data scientist,master,3.0,180000.0,junior
40.0,software engineer,bachelor,12.0,195000.0,junior
35.0,product manager,bachelor,8.0,165000.0,junior
43.0,data scientist,master,15.0,198000.0,junior
29.0,software engineer,bachelor,4.0,150000.0,junior
36.0,data analyst,bachelor,9.0,162000.0,junior
31.0,data scientist,master,6.0,175000.0,junior
42.0,software engineer,bachelor,13.0,197000.0,junior
33.0,data analyst,bachelor,7.0,142000.0,junior
29.0,data scientist,master,4.0,182000.0,junior
41.0,software engineer,bachelor,11.0,185000.0,junior
35.0,product manager,bachelor,8.0,170000.0,junior
27.0,software engineer,bachelor,4.0,160000.0,junior
32.0,data scientist,bachelor,8.0,180000.0,junior
29.0,data analyst,master,6.0,150000.0,junior
30.0,data analyst,bachelor,5.0,140000.0,junior
24.0,data analyst,bachelor,2.0,100000.0,junior
33.0,product manager,master,11.0,190000.0,junior
26.0,data analyst,bachelor,3.0,120000.0,junior
30.0,data scientist,phd,7.0,170000.0,junior
31.0,data analyst,bachelor,9.0,190000.0,junior
28.0,software engineer,bachelor,5.0,150000.0,junior
27.0,product manager,bachelor,4.0,130000.0,junior
24.0,data analyst,bachelor,2.0,95000.0,junior
33.0,product manager,master,11.0,195000.0,junior
25.0,data analyst,bachelor,2.0,100000.0,junior
29.0,data scientist,master,6.0,150000.0,junior
31.0,data scientist,master,6.0,170000.0,junior
32.0,software engineer,bachelor,8.0,180000.0,junior
34.0,product manager,master,12.0,190000.0,junior
29.0,software engineer,bachelor,7.0,180000.0,junior
27.0,data analyst,bachelor,5.0,120000.0,junior
33.0,data scientist,master,10.0,195000.0,junior
28.0,software engineer,bachelor,4.0,160000.0,junior
26.0,data analyst,bachelor,3.0,100000.0,junior
31.0,product manager,bachelor,8.0,190000.0,junior
30.0,software engineer,master,6.0,170000.0,junior
32.0,data scientist,bachelor,9.0,185000.0,junior
29.0,data analyst,bachelor,7.0,130000.0,junior
35.0,product manager,bachelor,12.0,190000.0,junior
27.0,software engineer,bachelor,5.0,150000.0,junior
28.0,data scientist,master,6.0,150000.0,junior
37.0,product manager,phd,14.0,195000.0,junior
26.0,data analyst,bachelor,3.0,110000.0,junior
30.0,software engineer,bachelor,8.0,180000.0,junior
31.0,data scientist,master,9.0,185000.0,junior
32.0,software engineer,bachelor,10.0,190000.0,junior
28.0,data scientist,master,6.0,155000.0,junior
34.0,software engineer,bachelor,12.0,195000.0,junior
25.0,data analyst,bachelor,2.0,90000.0,junior
30.0,product manager,bachelor,8.0,185000.0,junior
29.0,data analyst,bachelor,6.0,120000.0,junior
31.0,software engineer,bachelor,9.0,180000.0,junior
27.0,data analyst,bachelor,5.0,125000.0,junior
28.0,software engineer,bachelor,7.0,175000.0,senior
44.0,software engineer manager,phd,18.0,190000.0,junior
33.0,backend developer,master,5.0,110000.0,junior
50.0,project engineer,phd,16.0,195000.0,senior
27.0,fullstack engineer,master,3.0,100000.0,junior
25.0,frontend developer,bachelor,1.0,60000.0,junior
35.0,software engineer,master,8.0,155000.0,senior
47.0,fullstack engineer,phd,12.0,175000.0,junior
46.0,project engineer,master,13.0,180000.0,senior
32.0,backend developer,bachelor,4.0,95000.0,junior
61.0,software engineer manager,phd,20.0,200000.0,junior
41.0,software engineer,master,11.0,165000.0,senior
37.0,project engineer,master,9.0,145000.0,senior
53.0,software engineer manager,phd,19.0,195000.0,junior
30.0,frontend developer,bachelor,2.0,75000.0,junior
26.0,backend developer,master,3.0,90000.0,junior
37.0,software engineer,master,9.0,155000.0,senior
32.0,fullstack engineer,bachelor,5.0,115000.0,junior
44.0,software engineer,master,12.0,170000.0,senior
50.0,software engineer manager,phd,16.0,190000.0,junior
27.0,project engineer,bachelor,4.0,115000.0,senior
42.0,fullstack engineer,phd,14.0,180000.0,junior
57.0,software engineer manager,phd,18.0,195000.0,junior
35.0,software engineer,master,7.0,140000.0,senior
62.0,software engineer manager,phd,19.0,200000.0,junior
26.0,backend developer,master,2.0,70000.0,junior
42.0,project engineer,master,11.0,170000.0,senior
41.0,software engineer manager,phd,14.0,185000.0,junior
36.0,fullstack engineer,master,8.0,140000.0,junior
49.0,software engineer manager,phd,15.0,185000.0,junior
49.0,project engineer,phd,15.0,185000.0,senior
47.0,software engineer manager,phd,15.0,180000.0,junior
47.0,software engineer,phd,14.0,175000.0,senior
26.0,frontend developer,bachelor,2.0,70000.0,junior
24.0,backend developer,bachelor,1.0,60000.0,junior
62.0,software engineer manager,phd,20.0,200000.0,junior
42.0,software engineer,phd,14.0,170000.0,senior
41.0,project engineer,master,11.0,165000.0,senior
23.0,fullstack engineer,bachelor,1.0,55000.0,junior
55.0,software engineer manager,phd,17.0,190000.0,junior
33.0,frontend developer,bachelor,5.0,105000.0,junior
31.0,fullstack engineer,master,6.0,130000.0,junior
50.0,software engineer manager,phd,16.0,185000.0,junior
24.0,backend developer,master,1.0,60000.0,junior
56.0,software engineer manager,phd,17.0,195000.0,junior
24.0,frontend developer,bachelor,1.0,60000.0,junior
37.0,software engineer,master,8.0,150000.0,senior
43.0,project engineer,phd,13.0,180000.0,senior
34.0,backend developer,master,6.0,125000.0,junior
45.0,software engineer manager,phd,15.0,185000.0,junior
29.0,fullstack engineer,bachelor,3.0,90000.0,junior
29.0,frontend developer,bachelor,3.0,80000.0,junior
29.0,backend developer,bachelor,3.0,85000.0,junior
48.0,project engineer,phd,16.0,190000.0,senior
43.0,software engineer manager,master,11.0,160000.0,junior
54.0,software engineer manager,phd,17.0,195000.0,junior
60.0,software engineer manager,phd,18.0,195000.0,junior
54.0,software engineer manager,phd,14.0,190000.0,junior
27.0,fullstack engineer,master,3.0,95000.0,junior
23.0,backend developer,bachelor,1.0,55000.0,junior
45.0,software engineer,phd,13.0,185000.0,senior
32.0,fullstack engineer,master,5.0,120000.0,junior
57.0,software engineer manager,phd,16.0,195000.0,junior
47.0,software engineer manager,phd,14.0,175000.0,junior
25.0,backend developer,master,2.0,75000.0,junior
58.0,software engineer manager,phd,17.0,200000.0,junior
41.0,software engineer,master,12.0,160000.0,senior
41.0,software engineer manager,phd,12.0,175000.0,junior
47.0,software engineer,phd,15.0,180000.0,senior
32.0,fullstack engineer,bachelor,5.0,120000.0,junior
45.0,project engineer,phd,14.0,185000.0,senior
53.0,software engineer manager,phd,18.0,195000.0,junior
47.0,software engineer,phd,14.0,170000.0,senior
23.0,frontend developer,bachelor,1.0,55000.0,junior
33.0,backend developer,master,6.0,130000.0,junior
42.0,software engineer manager,phd,14.0,180000.0,junior
37.0,software engineer,master,9.0,145000.0,senior
44.0,project engineer,master,12.0,170000.0,senior
38.0,backend developer,master,10.0,155000.0,junior
34.0,fullstack engineer,master,6.0,125000.0,junior
46.0,software engineer manager,phd,14.0,180000.0,junior
30.0,backend developer,bachelor,4.0,95000.0,junior
44.0,software engineer,master,11.0,170000.0,senior
42.0,project engineer,phd,14.0,175000.0,senior
27.0,frontend developer,bachelor,3.0,80000.0,junior
54.0,software engineer manager,phd,18.0,195000.0,junior
38.0,software engineer,master,10.0,155000.0,senior
31.0,project engineer,master,6.0,125000.0,senior
28.0,fullstack engineer,master,4.0,110000.0,junior
30.0,backend developer,master,6.0,130000.0,junior
54.0,software engineer manager,phd,16.0,190000.0,junior
37.0,software engineer,master,9.0,150000.0,senior
31.0,software engineer,master,7.0,140000.0,senior
58.0,software engineer manager,phd,17.0,195000.0,junior
52.0,software engineer manager,phd,16.0,190000.0,junior
32.0,fullstack engineer,master,6.0,130000.0,junior
32.0,backend developer,master,6.0,130000.0,junior
34.0,fullstack engineer,master,7.0,140000.0,junior
28.0,frontend developer,bachelor,2.0,70000.0,junior
44.0,project engineer,master,11.0,170000.0,senior
27.0,backend developer,master,2.0,70000.0,junior
43.0,software engineer manager,phd,13.0,180000.0,junior
43.0,project engineer,master,12.0,165000.0,senior
43.0,project engineer,phd,13.0,185000.0,senior
36.0,software engineer,master,7.0,140000.0,senior
28.0,frontend developer,bachelor,3.0,80000.0,junior
28.0,backend developer,master,3.0,90000.0,junior
43.0,software engineer,phd,12.0,170000.0,senior
44.0,project engineer,phd,12.0,170000.0,senior
37.0,software engineer,master,10.0,155000.0,senior
56.0,software engineer manager,phd,18.0,195000.0,junior
27.0,frontend developer,bachelor,2.0,70000.0,junior
31.0,fullstack engineer,master,7.0,140000.0,junior
33.0,fullstack engineer,master,6.0,130000.0,junior
41.0,project engineer,phd,12.0,165000.0,senior
24.0,frontend developer,bachelor,1.0,55000.0,junior
43.0,project engineer,phd,12.0,165000.0,senior
29.0,frontend developer,bachelor,3.0,85000.0,junior
52.0,software engineer manager,phd,18.0,200000.0,junior
26.0,backend developer,bachelor,2.0,65000.0,junior
47.0,project engineer,phd,16.0,190000.0,senior
32.0,fullstack engineer,master,6.0,120000.0,junior
57.0,software engineer manager,phd,18.0,200000.0,junior
51.0,software engineer manager,phd,16.0,190000.0,junior
27.0,backend developer,master,2.0,65000.0,junior
36.0,fullstack engineer,master,7.0,130000.0,junior
33.0,fullstack engineer,master,5.0,120000.0,junior
25.0,frontend developer,bachelor,1.0,55000.0,junior
40.0,software engineer,phd,12.0,160000.0,senior
36.0,software engineer,master,8.0,140000.0,senior
31.0,project engineer,master,7.0,135000.0,senior
24.0,backend developer,bachelor,1.0,55000.0,junior
34.0,frontend developer,bachelor,5.0,95000.0,junior
43.0,software engineer,master,12.0,170000.0,senior
27.0,backend developer,bachelor,2.0,75000.0,junior
56.0,software engineer manager,phd,18.0,210000.0,junior
32.0,fullstack engineer,master,7.0,135000.0,junior
46.0,project engineer,phd,16.0,190000.0,senior
41.0,project engineer,phd,11.0,165000.0,senior
34.0,backend developer,bachelor,6.0,120000.0,junior
36.0,frontend developer,bachelor,7.0,120000.0,junior
29.0,backend developer,master,3.0,90000.0,junior
41.0,software engineer manager,phd,14.0,180000.0,junior
33.0,fullstack engineer,bachelor,7.0,130000.0,junior
42.0,software engineer,phd,12.0,170000.0,senior
28.0,backend developer,bachelor,2.0,70000.0,junior
55.0,software engineer manager,phd,18.0,210000.0,junior
26.0,frontend developer,master,1.0,55000.0,junior
44.0,software engineer manager,phd,11.0,165000.0,junior
30.0,fullstack engineer,master,5.0,105000.0,junior
39.0,software engineer,master,11.0,160000.0,senior
32.0,frontend developer,bachelor,6.0,110000.0,junior
50.0,software engineer manager,phd,17.0,195000.0,junior
27.0,backend developer,bachelor,3.0,85000.0,junior
46.0,project engineer,phd,14.0,180000.0,senior
35.0,backend developer,bachelor,8.0,140000.0,junior
35.0,fullstack engineer,bachelor,8.0,145000.0,junior
41.0,project engineer,phd,13.0,185000.0,senior
33.0,frontend developer,bachelor,6.0,110000.0,junior
31.0,frontend developer,bachelor,6.0,115000.0,junior
42.0,software engineer manager,master,13.0,170000.0,junior
27.0,backend developer,bachelor,3.0,80000.0,junior
51.0,project engineer,phd,19.0,200000.0,senior
34.0,fullstack engineer,master,7.0,130000.0,junior
38.0,software engineer manager,bachelor,11.0,155000.0,junior
29.0,frontend developer,bachelor,5.0,105000.0,junior
43.0,project engineer,phd,14.0,190000.0,senior
36.0,backend developer,master,8.0,140000.0,junior
48.0,software engineer manager,phd,16.0,185000.0,junior
30.0,frontend developer,master,4.0,90000.0,junior
50.0,project engineer,phd,18.0,195000.0,senior
29.0,backend developer,bachelor,4.0,95000.0,junior
41.0,software engineer manager,master,13.0,170000.0,junior
33.0,fullstack engineer,bachelor,6.0,115000.0,junior
45.0,project engineer,phd,16.0,185000.0,senior
28.0,frontend developer,bachelor,2.0,65000.0,junior
39.0,software engineer manager,master,12.0,160000.0,junior
30.0,backend developer,bachelor,5.0,100000.0,junior
46.0,project engineer,phd,15.0,180000.0,senior
42.0,software engineer manager,phd,14.0,190000.0,junior
31.0,fullstack engineer,bachelor,6.0,115000.0,junior
49.0,project engineer,phd,17.0,195000.0,senior
36.0,backend developer,master,9.0,150000.0,junior
45.0,software engineer manager,phd,16.0,185000.0,junior
25.0,frontend developer,bachelor,1.0,550.0,junior
29.0,frontend developer,bachelor,4.0,90000.0,junior
40.0,software engineer manager,master,12.0,160000.0,junior
33.0,fullstack engineer,master,6.0,115000.0,junior
37.0,software engineer manager,bachelor,10.0,150000.0,junior
44.0,project engineer,phd,14.0,190000.0,senior
35.0,backend developer,master,8.0,140000.0,junior
47.0,software engineer manager,phd,16.0,185000.0,junior
34.0,fullstack engineer,bachelor,7.0,130000.0,junior
31.0,frontend developer,master,5.0,105000.0,junior
32.0,fullstack engineer,master,6.0,115000.0,junior
36.0,software engineer manager,bachelor,8.0,135000.0,junior
27.0,frontend developer,bachelor,2.0,65000.0,junior
34.0,backend developer,master,8.0,140000.0,junior
46.0,software engineer manager,phd,16.0,185000.0,junior
30.0,frontend developer,master,5.0,105000.0,junior
50.0,project engineer,phd,19.0,200000.0,senior
27.0,software developer,unknown,7.0,100000.0,junior
31.0,frontend developer,bachelor,6.0,110000.0,junior
37.0,software engineer manager,master,10.0,150000.0,junior
31.0,software engineer manager,master,8.0,130000.0,junior
43.0,project engineer,phd,15.0,180000.0,senior
35.0,fullstack engineer,master,8.0,140000.0,junior
42.0,software engineer manager,bachelor,12.0,160000.0,junior
28.0,frontend developer,bachelor,2.0,55000.0,junior
44.0,project engineer,phd,16.0,190000.0,senior
32.0,backend developer,master,7.0,120000.0,junior
48.0,software engineer manager,phd,18.0,200000.0,junior
30.0,fullstack engineer,bachelor,5.0,100000.0,junior
34.0,frontend developer,master,9.0,150000.0,junior
37.0,software engineer manager,bachelor,11.0,170000.0,junior
49.0,project engineer,phd,19.0,210000.0,senior
29.0,fullstack engineer,bachelor,4.0,90000.0,junior
41.0,software engineer manager,master,14.0,180000.0,junior
46.0,project engineer,phd,16.0,185000.0,senior
50.0,software engineer manager,phd,20.0,210000.0,junior
31.0,backend developer,bachelor,6.0,95000.0,junior
39.0,software engineer manager,master,11.0,170000.0,junior
48.0,software engineer manager,phd,19.0,200000.0,junior
28.0,software engineer,bachelor,4.0,75000.0,junior
33.0,data analyst,master,7.0,95000.0,junior
22.0,frontend developer,bachelor,1.0,50000.0,junior
44.0,data scientist,phd,15.0,180000.0,senior
29.0,software developer,bachelor,3.0,65000.0,junior
31.0,product manager,master,6.0,120000.0,junior
25.0,software engineer,master,2.0,60000.0,junior
38.0,data scientist,bachelor,10.0,150000.0,junior
27.0,software engineer,bachelor,3.0,70000.0,junior
33.0,data analyst,master,8.0,100000.0,junior
24.0,software developer,bachelor,2.0,55000.0,junior
36.0,data scientist,phd,12.0,170000.0,senior
30.0,software engineer,bachelor,5.0,90000.0,junior
29.0,frontend developer,bachelor,4.0,80000.0,junior
42.0,product manager,master,14.0,180000.0,junior
26.0,software developer,bachelor,2.0,60000.0,junior
35.0,data analyst,master,9.0,120000.0,junior
48.0,director of data science,phd,18.0,210000.0,junior
34.0,data scientist,master,9.0,140000.0,junior
23.0,software engineer,bachelor,1.0,50000.0,junior
32.0,product manager,master,7.0,110000.0,junior
37.0,data analyst,bachelor,11.0,160000.0,junior
41.0,director of data science,phd,16.0,200000.0,junior
34.0,data analyst,master,8.0,100000.0,junior
34.0,fullstack engineer,bachelor,8.0,122485.0,junior
25.0,software engineer manager,phd,12.0,169159.0,junior
43.0,software engineer,master,21.0,187081.0,senior
53.0,project engineer,high_school,31.0,166109.0,senior
27.0,frontend developer,master,5.0,78354.0,junior
25.0,backend developer,bachelor,2.0,90249.0,junior
29.0,software engineer,master,6.0,132720.0,senior
52.0,software engineer manager,phd,23.0,161568.0,junior
41.0,frontend developer,master,13.0,127346.0,junior
49.0,backend developer,bachelor,19.0,120177.0,junior
25.0,fullstack engineer,high_school,2.0,69032.0,junior
35.0,project engineer,master,8.0,101332.0,senior
57.0,fullstack engineer,phd,30.0,121450.0,junior
35.0,project engineer,bachelor,12.0,166375.0,senior
43.0,software engineer,master,21.0,185119.0,senior
37.0,fullstack engineer,bachelor,10.0,149217.0,junior
50.0,software engineer manager,master,21.0,166512.0,junior
52.0,software engineer,master,28.0,186963.0,senior
26.0,backend developer,bachelor,3.0,75072.0,junior
34.0,fullstack engineer,master,10.0,163398.0,junior
30.0,project engineer,high_school,11.0,103947.0,senior
60.0,software engineer manager,phd,33.0,179180.0,junior
50.0,backend developer,bachelor,23.0,175966.0,junior
58.0,software engineer,master,27.0,190004.0,senior
35.0,fullstack engineer,master,10.0,152039.0,junior
28.0,frontend developer,master,5.0,76742.0,junior
57.0,software engineer manager,phd,33.0,191790.0,junior
46.0,software engineer,bachelor,20.0,139398.0,senior
28.0,backend developer,high_school,7.0,95845.0,junior
34.0,fullstack engineer,master,12.0,160976.0,junior
33.0,project engineer,master,9.0,126753.0,senior
37.0,fullstack engineer,master,14.0,161393.0,junior
33.0,software engineer,master,8.0,139817.0,senior
53.0,software engineer manager,phd,25.0,181714.0,junior
35.0,backend developer,bachelor,10.0,114776.0,junior
30.0,fullstack engineer,master,6.0,105725.0,junior
24.0,project engineer,high_school,1.0,52731.0,senior
36.0,frontend developer,master,8.0,106492.0,junior
27.0,fullstack engineer,bachelor,4.0,73895.0,junior
23.0,software engineer manager,phd,1.0,119836.0,junior
28.0,software engineer,master,5.0,99747.0,senior
52.0,backend developer,bachelor,25.0,168287.0,junior
28.0,fullstack engineer,master,7.0,115920.0,junior
32.0,project engineer,master,11.0,128078.0,senior
24.0,frontend developer,bachelor,1.0,51265.0,junior
43.0,software engineer,high_school,22.0,165919.0,senior
60.0,software engineer manager,phd,34.0,188651.0,junior
24.0,backend developer,master,0.0,55538.0,junior
55.0,project engineer,bachelor,28.0,193964.0,senior
29.0,fullstack engineer,master,4.0,104702.0,junior
44.0,software engineer manager,phd,19.0,172955.0,junior
40.0,software engineer,master,16.0,138032.0,senior
27.0,backend developer,bachelor,4.0,82683.0,junior
43.0,fullstack engineer,master,17.0,155414.0,junior
49.0,project engineer,high_school,25.0,154207.0,senior
30.0,frontend developer,master,8.0,107895.0,junior
42.0,software engineer,bachelor,18.0,148446.0,senior
26.0,fullstack engineer,master,4.0,102859.0,junior
41.0,software engineer manager,phd,13.0,138662.0,junior
46.0,project engineer,bachelor,23.0,181699.0,senior
57.0,fullstack engineer,master,33.0,188232.0,junior
22.0,backend developer,high_school,0.0,51832.0,junior
54.0,software engineer manager,phd,28.0,188484.0,junior
42.0,software engineer,master,16.0,138286.0,senior
49.0,fullstack engineer,bachelor,22.0,181132.0,junior
27.0,backend developer,master,4.0,73938.0,junior
36.0,project engineer,bachelor,14.0,119224.0,senior
31.0,fullstack engineer,master,6.0,101186.0,junior
39.0,software engineer manager,master,14.0,142360.0,junior
41.0,project engineer,bachelor,20.0,151315.0,senior
48.0,fullstack engineer,phd,23.0,181021.0,junior
39.0,software engineer,master,15.0,134641.0,senior
48.0,frontend developer,bachelor,23.0,173851.0,junior
31.0,backend developer,high_school,8.0,104127.0,junior
47.0,project engineer,master,25.0,178859.0,senior
29.0,fullstack engineer,phd,5.0,98568.0,junior
32.0,software engineer manager,bachelor,9.0,104661.0,junior
38.0,software engineer,master,13.0,134858.0,senior
34.0,backend developer,bachelor,10.0,94502.0,junior
23.0,frontend developer,high_school,2.0,62852.0,junior
36.0,frontend developer,bachelor,14.0,139095.0,junior
30.0,project engineer,master,5.0,106278.0,senior
28.0,fullstack engineer,master,4.0,90452.0,junior
46.0,software engineer manager,phd,23.0,168304.0,junior
34.0,backend developer,bachelor,10.0,126593.0,junior
44.0,software engineer,master,19.0,152203.0,senior
55.0,software engineer manager,phd,30.0,183138.0,junior
35.0,fullstack engineer,master,9.0,130275.0,junior
54.0,project engineer,bachelor,29.0,191915.0,senior
23.0,backend developer,high_school,2.0,62807.0,junior
46.0,software engineer,master,21.0,174305.0,senior
33.0,fullstack engineer,bachelor,9.0,133326.0,junior
26.0,frontend developer,master,4.0,75656.0,junior
43.0,software engineer manager,phd,19.0,155944.0,junior
36.0,fullstack engineer,master,11.0,137775.0,junior
23.0,project engineer,bachelor,0.0,51831.0,senior
49.0,software engineer manager,master,22.0,182237.0,junior
35.0,fullstack engineer,master,10.0,151901.0,junior
31.0,backend developer,bachelor,8.0,100052.0,junior
54.0,software engineer,high_school,29.0,158254.0,senior
43.0,fullstack engineer,master,20.0,167207.0,junior
33.0,project engineer,master,10.0,112439.0,senior
52.0,software engineer manager,phd,29.0,194214.0,junior
28.0,fullstack engineer,bachelor,5.0,84407.0,junior
36.0,software engineer,master,13.0,139413.0,senior
43.0,project engineer,bachelor,20.0,143084.0,senior
50.0,fullstack engineer,master,25.0,192344.0,junior
24.0,software engineer manager,phd,1.0,106132.0,junior
52.0,software engineer,master,26.0,184816.0,senior
46.0,backend developer,bachelor,19.0,150248.0,junior
38.0,fullstack engineer,master,15.0,170995.0,junior
29.0,project engineer,bachelor,6.0,88035.0,senior
33.0,frontend developer,master,10.0,119419.0,junior
47.0,software engineer manager,phd,21.0,173582.0,junior
45.0,software engineer,master,23.0,174436.0,senior
28.0,backend developer,bachelor,4.0,71699.0,junior
42.0,fullstack engineer,master,14.0,163558.0,junior
46.0,project engineer,bachelor,24.0,166828.0,senior
38.0,software engineer manager,phd,15.0,144496.0,junior
54.0,software engineer,master,31.0,193746.0,senior
33.0,fullstack engineer,master,8.0,122581.0,junior
27.0,backend developer,high_school,4.0,79767.0,junior
50.0,project engineer,bachelor,25.0,177177.0,senior
26.0,fullstack engineer,master,4.0,89843.0,junior
31.0,software engineer,master,6.0,113563.0,senior
35.0,frontend developer,bachelor,10.0,128712.0,junior
44.0,software engineer manager,phd,18.0,161621.0,junior
32.0,project engineer,master,8.0,121454.0,senior
54.0,fullstack engineer,bachelor,25.0,179987.0,junior
26.0,frontend developer,master,3.0,72649.0,junior
23.0,software engineer manager,phd,0.0,52612.0,junior
48.0,software engineer,master,24.0,184006.0,senior
38.0,backend developer,bachelor,12.0,131960.0,junior
30.0,fullstack engineer,master,5.0,102465.0,junior
40.0,software engineer manager,master,16.0,149748.0,junior
45.0,project engineer,bachelor,22.0,171036.0,senior
36.0,fullstack engineer,master,13.0,146351.0,junior
52.0,software engineer manager,phd,26.0,185462.0,junior
31.0,software engineer,bachelor,7.0,107718.0,senior
26.0,fullstack engineer,master,4.0,90944.0,junior
30.0,project engineer,master,5.0,100425.0,senior
24.0,backend developer,bachelor,2.0,63901.0,junior
45.0,software engineer,master,22.0,181902.0,senior
33.0,fullstack engineer,master,9.0,136533.0,junior
38.0,frontend developer,bachelor,11.0,136285.0,junior
54.0,software engineer manager,phd,31.0,191818.0,junior
42.0,fullstack engineer,master,19.0,176643.0,junior
28.0,project engineer,bachelor,4.0,70022.0,senior
30.0,frontend developer,master,6.0,99363.0,junior
43.0,software engineer,master,19.0,152944.0,senior
35.0,backend developer,bachelor,10.0,123386.0,junior
44.0,fullstack engineer,master,21.0,168906.0,junior
55.0,project engineer,bachelor,30.0,183020.0,senior
23.0,frontend developer,high_school,1.0,47898.0,junior
39.0,software engineer,master,14.0,135853.0,senior
43.0,fullstack engineer,bachelor,17.0,149198.0,junior
29.0,software engineer manager,phd,6.0,106662.0,junior
51.0,software engineer,master,28.0,186610.0,senior
30.0,project engineer,bachelor,6.0,89995.0,senior
26.0,fullstack engineer,master,4.0,85825.0,junior
39.0,software engineer manager,phd,13.0,143814.0,junior
49.0,frontend developer,master,24.0,174726.0,junior
42.0,software engineer,bachelor,20.0,150534.0,senior
27.0,backend developer,bachelor,4.0,68732.0,junior
43.0,fullstack engineer,master,21.0,187951.0,junior
37.0,project engineer,bachelor,13.0,137336.0,senior
51.0,software engineer manager,phd,26.0,191159.0,junior
29.0,fullstack engineer,master,5.0,102868.0,junior
43.0,software engineer,bachelor,20.0,154281.0,senior
31.0,backend developer,master,8.0,111535.0,junior
30.0,project engineer,master,6.0,107906.0,senior
36.0,fullstack engineer,bachelor,13.0,143885.0,junior
52.0,software engineer manager,phd,27.0,180958.0,junior
28.0,software engineer,master,6.0,108607.0,senior
49.0,backend developer,bachelor,24.0,178284.0,junior
27.0,frontend developer,master,4.0,75969.0,junior
41.0,project engineer,master,15.0,143705.0,senior
56.0,software engineer manager,phd,31.0,197354.0,junior
46.0,software engineer,bachelor,22.0,174324.0,senior
32.0,fullstack engineer,master,8.0,123781.0,junior
38.0,software engineer manager,phd,12.0,141735.0,junior
52.0,project engineer,master,28.0,187120.0,senior
24.0,backend developer,bachelor,1.0,61095.0,junior
49.0,fullstack engineer,master,22.0,179045.0,junior
35.0,software engineer,master,10.0,130355.0,senior
31.0,frontend developer,bachelor,7.0,103282.0,junior
44.0,software engineer manager,phd,18.0,157872.0,junior
33.0,project engineer,master,10.0,117314.0,senior
54.0,software engineer,bachelor,30.0,186321.0,senior
33.0,fullstack engineer,master,11.0,129686.0,junior
27.0,backend developer,high_school,3.0,68611.0,junior
51.0,project engineer,master,25.0,177913.0,senior
26.0,fullstack engineer,master,3.0,68472.0,junior
31.0,software engineer,master,6.0,113065.0,senior
35.0,frontend developer,bachelor,9.0,125091.0,junior
45.0,software engineer manager,phd,23.0,172925.0,junior
32.0,project engineer,master,9.0,126916.0,senior
54.0,fullstack engineer,bachelor,27.0,183417.0,junior
26.0,frontend developer,master,4.0,76898.0,junior
23.0,software engineer manager,phd,1.0,579.0,junior
26.0,software engineer,bachelor,2.0,65000.0,junior
33.0,data analyst,master,8.0,120000.0,junior
29.0,product manager,bachelor,4.0,90000.0,junior
41.0,data scientist,phd,15.0,190000.0,junior
35.0,software engineer,master,9.0,140000.0,junior
28.0,software developer,bachelor,3.0,75000.0,junior
37.0,data scientist,master,11.0,160000.0,junior
33.0,product manager,bachelor,8.0,130000.0,junior
24.0,software engineer,master,2.0,60000.0,junior
29.0,software developer,bachelor,5.0,80000.0,junior
31.0,data scientist,master,7.0,130000.0,junior
27.0,software engineer,bachelor,3.0,65000.0,junior
38.0,data scientist,phd,13.0,170000.0,senior
30.0,product manager,master,6.0,110000.0,junior
25.0,frontend developer,bachelor,2.0,50000.0,junior
44.0,director of data science,phd,18.0,210000.0,junior
22.0,software engineer,bachelor,1.0,50000.0,junior
36.0,product manager,master,10.0,160000.0,junior
28.0,software engineer,bachelor,4.0,70000.0,junior
41.0,data scientist,phd,16.0,190000.0,senior
23.0,software developer,bachelor,1.0,45000.0,junior
32.0,product manager,master,7.0,120000.0,junior
37.0,data analyst,bachelor,11.0,150000.0,junior
29.0,fullstack engineer,bachelor,6.0,103579.0,junior
45.0,software engineer manager,master,19.0,163780.0,junior
36.0,frontend developer,bachelor,12.0,137878.0,junior
30.0,project engineer,master,4.0,92438.0,senior
28.0,fullstack engineer,master,5.0,84181.0,junior
46.0,software engineer manager,phd,21.0,174821.0,junior
34.0,backend developer,bachelor,10.0,126520.0,junior
44.0,software engineer,master,18.0,152168.0,senior
55.0,software engineer manager,phd,29.0,190543.0,junior
35.0,fullstack engineer,master,9.0,131547.0,junior
54.0,project engineer,bachelor,28.0,192292.0,senior
23.0,backend developer,high_school,1.0,52807.0,junior
46.0,software engineer,master,20.0,174938.0,senior
33.0,fullstack engineer,bachelor,8.0,124071.0,junior
26.0,frontend developer,master,3.0,73640.0,junior
43.0,software engineer manager,phd,19.0,156486.0,junior
36.0,fullstack engineer,master,11.0,138859.0,junior
23.0,project engineer,bachelor,0.0,52831.0,senior
49.0,software engineer manager,master,23.0,182392.0,junior
35.0,fullstack engineer,master,11.0,151078.0,junior
31.0,backend developer,bachelor,8.0,100679.0,junior
54.0,software engineer,high_school,29.0,158966.0,senior
43.0,fullstack engineer,master,20.0,167924.0,junior
33.0,project engineer,master,10.0,113334.0,senior
52.0,software engineer manager,phd,29.0,194778.0,junior
28.0,fullstack engineer,bachelor,4.0,77606.0,junior
36.0,software engineer,master,13.0,140010.0,senior
43.0,project engineer,bachelor,20.0,142421.0,senior
50.0,fullstack engineer,master,24.0,192756.0,junior
24.0,software engineer manager,phd,1.0,106686.0,junior
52.0,software engineer,master,27.0,186794.0,senior
46.0,backend developer,bachelor,19.0,150729.0,junior
38.0,fullstack engineer,master,15.0,171652.0,junior
29.0,project engineer,bachelor,6.0,88552.0,senior
33.0,frontend developer,master,9.0,119918.0,junior
47.0,software engineer manager,phd,21.0,174985.0,junior
45.0,software engineer,master,23.0,174336.0,senior
28.0,backend developer,bachelor,4.0,72389.0,junior
42.0,fullstack engineer,master,14.0,163978.0,junior
46.0,project engineer,bachelor,25.0,166958.0,senior
38.0,software engineer manager,phd,15.0,145052.0,junior
54.0,software engineer,master,32.0,195270.0,senior
33.0,fullstack engineer,master,8.0,122970.0,junior
27.0,backend developer,high_school,4.0,80247.0,junior
50.0,project engineer,bachelor,25.0,177862.0,senior
26.0,fullstack engineer,master,4.0,91062.0,junior
31.0,software engineer,master,6.0,114290.0,senior
35.0,frontend developer,bachelor,10.0,128999.0,junior
44.0,software engineer manager,phd,18.0,162454.0,junior
32.0,project engineer,master,8.0,122354.0,senior
54.0,fullstack engineer,bachelor,25.0,179756.0,junior
26.0,frontend developer,master,3.0,73218.0,junior
48.0,software engineer,master,24.0,184480.0,senior
38.0,backend developer,bachelor,12.0,132442.0,junior
30.0,fullstack engineer,master,5.0,102828.0,junior
40.0,software engineer manager,master,16.0,150301.0,junior
45.0,project engineer,bachelor,22.0,171468.0,senior
36.0,fullstack engineer,master,13.0,147326.0,junior
52.0,software engineer manager,phd,26.0,185982.0,junior
31.0,software engineer,bachelor,7.0,108267.0,senior
26.0,fullstack engineer,master,4.0,91397.0,junior
30.0,project engineer,master,5.0,100867.0,senior
24.0,backend developer,bachelor,2.0,64182.0,junior
45.0,software engineer,master,22.0,182506.0,senior
33.0,fullstack engineer,master,9.0,136986.0,junior
38.0,frontend developer,bachelor,11.0,136662.0,junior
54.0,software engineer manager,phd,32.0,191510.0,junior
42.0,fullstack engineer,master,19.0,177347.0,junior
28.0,project engineer,bachelor,3.0,70397.0,senior
34.0,software engineer manager,master,9.0,146075.0,junior
46.0,backend developer,bachelor,18.0,155795.0,junior
35.0,fullstack engineer,master,9.0,132638.0,junior
49.0,software engineer manager,phd,22.0,178684.0,junior
32.0,software engineer,bachelor,7.0,106218.0,senior
54.0,fullstack engineer,master,28.0,191239.0,junior
26.0,frontend developer,master,2.0,65840.0,junior
23.0,software engineer manager,phd,0.0,52779.0,junior
48.0,software engineer,master,23.0,185038.0,senior
38.0,backend developer,bachelor,14.0,136449.0,junior
30.0,fullstack engineer,master,6.0,110707.0,junior
40.0,software engineer manager,master,17.0,151670.0,junior
45.0,project engineer,bachelor,21.0,167015.0,senior
36.0,fullstack engineer,master,13.0,146508.0,junior
52.0,software engineer manager,phd,27.0,190596.0,junior
31.0,software engineer,bachelor,6.0,104378.0,senior
26.0,fullstack engineer,master,3.0,70216.0,junior
30.0,project engineer,master,5.0,101733.0,senior
24.0,backend developer,bachelor,1.0,55935.0,junior
45.0,software engineer,master,21.0,180367.0,senior
33.0,fullstack engineer,master,9.0,135596.0,junior
38.0,frontend developer,bachelor,11.0,136062.0,junior
54.0,software engineer manager,phd,32.0,191267.0,junior
26.0,fullstack engineer,master,3.0,91397.0,junior
28.0,project engineer,bachelor,4.0,82944.0,senior
48.0,software engineer manager,phd,23.0,188288.0,junior
36.0,software engineer,master,14.0,141090.0,senior
43.0,fullstack engineer,bachelor,19.0,152726.0,junior
33.0,backend developer,master,9.0,124141.0,junior
26.0,frontend developer,bachelor,3.0,67556.0,junior
50.0,project engineer,master,22.0,182768.0,senior
41.0,software engineer manager,phd,15.0,148727.0,junior
29.0,fullstack engineer,bachelor,6.0,91903.0,junior
38.0,software engineer,master,14.0,147708.0,senior
48.0,project engineer,bachelor,21.0,163209.0,senior
31.0,fullstack engineer,master,8.0,120288.0,junior
45.0,software engineer manager,phd,21.0,170226.0,junior
35.0,software engineer,master,11.0,134979.0,senior
42.0,backend developer,bachelor,16.0,137489.0,junior
27.0,fullstack engineer,master,4.0,83577.0,junior
33.0,frontend developer,bachelor,9.0,117904.0,junior
36.0,project engineer,master,11.0,134482.0,senior
54.0,software engineer manager,phd,30.0,184660.0,junior
30.0,software engineer,bachelor,5.0,100151.0,senior
26.0,fullstack engineer,master,3.0,88678.0,junior
45.0,project engineer,phd,21.0,181285.0,senior
38.0,software engineer manager,master,16.0,154990.0,junior
31.0,fullstack engineer,bachelor,7.0,108204.0,junior
42.0,software engineer,master,19.0,175684.0,senior
28.0,backend developer,bachelor,5.0,77766.0,junior
48.0,software engineer manager,phd,24.0,192211.0,junior
36.0,fullstack engineer,master,13.0,144647.0,junior
43.0,project engineer,bachelor,20.0,162231.0,senior
33.0,frontend developer,master,9.0,121120.0,junior
26.0,fullstack engineer,bachelor,4.0,79652.0,junior
50.0,software engineer,master,21.0,177002.0,senior
27.0,backend developer,master,5.0,87584.0,junior
38.0,project engineer,bachelor,13.0,131860.0,senior
54.0,software engineer manager,phd,28.0,182013.0,junior
31.0,fullstack engineer,master,7.0,108799.0,junior
36.0,software engineer,bachelor,13.0,135378.0,senior
45.0,software engineer manager,master,22.0,183530.0,junior
42.0,backend developer,bachelor,18.0,150901.0,junior
28.0,fullstack engineer,master,4.0,82697.0,junior
48.0,software engineer,phd,26.0,194638.0,senior
36.0,project engineer,master,12.0,130356.0,senior
43.0,fullstack engineer,bachelor,18.0,152560.0,junior
33.0,frontend developer,master,9.0,121432.0,junior
26.0,backend developer,bachelor,2.0,63789.0,junior
50.0,software engineer,master,23.0,183690.0,senior
41.0,software engineer manager,phd,16.0,151310.0,junior
29.0,fullstack engineer,bachelor,6.0,100358.0,junior
38.0,software engineer,master,15.0,148437.0,senior
48.0,project engineer,bachelor,22.0,168691.0,senior
28.0,software developer,bachelor,1.0,50000.0,junior
32.0,product manager,master,5.0,100000.0,junior
26.0,software engineer,bachelor,2.0,60000.0,junior
33.0,data analyst,master,6.0,90000.0,junior
29.0,frontend developer,bachelor,3.0,70000.0,junior
42.0,director of data science,phd,12.0,170000.0,junior
36.0,data scientist,master,8.0,130000.0,junior
27.0,software developer,bachelor,1.0,50000.0,junior
34.0,product manager,master,7.0,120000.0,junior
29.0,software engineer,bachelor,4.0,80000.0,junior
41.0,data scientist,phd,16.0,200000.0,senior
36.0,director of data science,phd,12.0,170000.0,junior
30.0,software engineer,bachelor,4.0,80000.0,junior
28.0,web developer,master,5.0,80000.0,junior
30.0,hr coordinator,bachelor,4.0,60000.0,junior
25.0,web developer,bachelor,2.0,50000.0,junior
45.0,human resources manager,master,18.0,160000.0,senior
33.0,director of hr,phd,9.0,120000.0,junior
22.0,hr generalist,high_school,0.0,40000.0,junior
36.0,web developer,bachelor,10.0,100000.0,junior
29.0,hr generalist,master,4.0,75000.0,senior
42.0,director of hr,phd,16.0,140000.0,junior
27.0,hr coordinator,bachelor,2.0,50000.0,junior
38.0,human resources manager,master,11.0,110000.0,senior
24.0,web developer,bachelor,1.0,45000.0,junior
31.0,web developer,high_school,4.0,55000.0,junior
39.0,director of hr,phd,13.0,130000.0,junior
26.0,hr generalist,bachelor,2.0,50000.0,junior
32.0,hr generalist,master,7.0,80000.0,senior
32.0,web developer,bachelor,2.0,45000.0,junior
24.0,hr generalist,high_school,1.0,32000.0,junior
45.0,human resources manager,phd,12.0,120000.0,senior
29.0,web developer,master,4.0,65000.0,junior
38.0,hr generalist,bachelor,8.0,95000.0,senior
27.0,director of hr,master,5.0,80000.0,junior
31.0,hr coordinator,high_school,3.0,38000.0,junior
42.0,web developer,master,10.0,110000.0,junior
26.0,web developer,bachelor,2.0,45000.0,junior
36.0,hr generalist,master,7.0,89000.0,senior
28.0,hr generalist,high_school,1.0,32000.0,junior
33.0,web developer,bachelor,5.0,70000.0,junior
46.0,director of hr,phd,15.0,150000.0,junior
25.0,web developer,bachelor,1.0,40000.0,junior
37.0,human resources manager,master,9.0,105000.0,senior
30.0,web developer,master,4.0,65000.0,junior
43.0,director of hr,phd,14.0,140000.0,junior
34.0,web developer,bachelor,3.0,50000.0,junior
26.0,hr generalist,high_school,2.0,35000.0,junior
41.0,hr generalist,master,11.0,115000.0,senior
29.0,web developer,master,5.0,70000.0,junior
35.0,web developer,bachelor,6.0,80000.0,junior
27.0,hr coordinator,high_school,1.0,30000.0,junior
40.0,director of hr,phd,13.0,135000.0,junior
23.0,web developer,bachelor,1.0,40000.0,junior
39.0,hr generalist,master,10.0,105000.0,senior
31.0,hr generalist,high_school,2.0,35000.0,junior
44.0,human resources manager,phd,12.0,120000.0,senior
28.0,web developer,master,3.0,55000.0,junior
45.0,director of hr,master,14.0,140000.0,junior
26.0,web developer,bachelor,3.0,55000.0,junior
38.0,human resources manager,phd,11.0,115000.0,senior
27.0,hr generalist,master,4.0,70000.0,senior
33.0,hr coordinator,high_school,3.0,38000.0,junior
42.0,director of hr,master,13.0,135000.0,junior
29.0,web developer,bachelor,2.0,45000.0,junior
36.0,web developer,master,7.0,85000.0,junior
30.0,hr generalist,high_school,1.0,32000.0,junior
43.0,human resources manager,phd,15.0,150000.0,senior
34.0,web developer,bachelor,4.0,65000.0,junior
25.0,hr generalist,master,1.0,32000.0,junior
37.0,director of hr,phd,12.0,120000.0,junior
24.0,web developer,bachelor,1.0,40000.0,junior
39.0,hr generalist,master,9.0,95000.0,senior
44.0,director of hr,phd,14.0,140000.0,junior
28.0,web developer,bachelor,3.0,55000.0,junior
32.0,human resources manager,master,6.0,80000.0,senior
45.0,director of hr,phd,13.0,135000.0,junior
38.0,hr generalist,master,8.0,95000.0,senior
27.0,hr generalist,high_school,1.0,32000.0,junior
42.0,director of hr,master,12.0,120000.0,junior
29.0,human resources manager,master,4.0,70000.0,senior
30.0,hr coordinator,high_school,2.0,33000.0,junior
37.0,director of hr,phd,11.0,115000.0,junior
44.0,director of hr,phd,13.0,135000.0,junior
28.0,web developer,bachelor,4.0,65000.0,junior
45.0,director of hr,phd,14.0,140000.0,junior
28.0,software engineer,bachelor,3.0,60000.0,junior
37.0,marketing manager,master,9.0,100000.0,junior
43.0,data scientist,phd,15.0,150000.0,junior
31.0,human resources coordinator,bachelor,4.0,55000.0,junior
24.0,sales associate,high_school,1.0,30000.0,junior
29.0,software developer,master,5.0,70000.0,junior
35.0,operations manager,bachelor,8.0,90000.0,junior
26.0,marketing coordinator,master,2.0,40000.0,junior
42.0,data scientist,phd,12.0,130000.0,junior
34.0,human resources manager,bachelor,6.0,75000.0,junior
27.0,sales associate,high_school,2.0,35000.0,junior
38.0,marketing manager,master,10.0,110000.0,junior
30.0,software engineer,bachelor,4.0,65000.0,junior
45.0,data scientist,phd,18.0,180000.0,junior
25.0,software developer,bachelor,1.0,35000.0,junior
40.0,human resources manager,master,11.0,120000.0,junior
33.0,operations manager,bachelor,6.0,75000.0,junior
29.0,sales associate,high_school,1.0,30000.0,junior
44.0,data scientist,phd,16.0,160000.0,junior
26.0,software developer,bachelor,3.0,60000.0,junior
36.0,marketing coordinator,master,8.0,85000.0,junior
31.0,operations manager,bachelor,5.0,70000.0,junior
27.0,human resources coordinator,master,3.0,50000.0,junior
42.0,data scientist,phd,13.0,140000.0,junior
28.0,sales associate,high_school,2.0,35000.0,junior
39.0,marketing manager,master,10.0,110000.0,junior
31.0,software engineer,bachelor,4.0,65000.0,junior
27.0,software engineer,bachelor,3.0,60000.0,junior
38.0,marketing manager,master,9.0,100000.0,junior
44.0,data scientist,phd,15.0,150000.0,junior
30.0,human resources coordinator,bachelor,4.0,55000.0,junior
23.0,sales associate,high_school,1.0,30000.0,junior
28.0,software developer,master,5.0,70000.0,junior
34.0,operations manager,bachelor,8.0,90000.0,junior
25.0,marketing coordinator,master,2.0,40000.0,junior
41.0,data scientist,phd,12.0,130000.0,junior
33.0,human resources manager,bachelor,6.0,75000.0,junior
26.0,sales associate,high_school,2.0,35000.0,junior
37.0,marketing manager,master,10.0,110000.0,junior
29.0,software engineer,bachelor,4.0,65000.0,junior
46.0,data scientist,phd,18.0,180000.0,junior
39.0,human resources manager,master,11.0,120000.0,junior
32.0,operations manager,bachelor,6.0,75000.0,junior
28.0,sales associate,high_school,1.0,30000.0,junior
43.0,data scientist,phd,16.0,160000.0,junior
27.0,software developer,bachelor,3.0,60000.0,junior
35.0,marketing coordinator,master,8.0,85000.0,junior
30.0,operations manager,bachelor,5.0,70000.0,junior
26.0,human resources coordinator,master,3.0,50000.0,junior
41.0,data scientist,phd,13.0,140000.0,junior
24.0,software engineer,bachelor,2.0,55000.0,junior
32.0,marketing manager,master,7.0,90000.0,junior
45.0,data scientist,phd,16.0,160000.0,junior
28.0,human resources coordinator,bachelor,4.0,60000.0,junior
22.0,sales associate,high_school,1.0,25000.0,junior
36.0,operations manager,bachelor,8.0,100000.0,junior
27.0,marketing coordinator,bachelor,3.0,45000.0,junior
42.0,data scientist,phd,14.0,140000.0,junior
25.0,sales associate,high_school,2.0,30000.0,junior
39.0,marketing manager,master,11.0,120000.0,junior
47.0,data scientist,phd,19.0,190000.0,junior
40.0,human resources manager,master,12.0,130000.0,junior
33.0,operations manager,bachelor,7.0,85000.0,junior
29.0,sales associate,high_school,1.0,25000.0,junior
28.0,software developer,bachelor,3.0,60000.0,junior
36.0,marketing coordinator,master,9.0,100000.0,junior
31.0,operations manager,bachelor,6.0,75000.0,junior
26.0,sales associate,high_school,2.0,30000.0,junior
31.0,software engineer,bachelor,5.0,80000.0,junior
27.0,marketing manager,master,3.0,60000.0,junior
38.0,data scientist,phd,12.0,130000.0,junior
29.0,human resources coordinator,bachelor,2.0,45000.0,junior
23.0,sales associate,high_school,1.0,25000.0,junior
32.0,software developer,master,7.0,90000.0,junior
44.0,operations manager,bachelor,18.0,170000.0,junior
26.0,marketing coordinator,bachelor,2.0,40000.0,junior
40.0,data scientist,phd,15.0,150000.0,junior
33.0,human resources manager,bachelor,8.0,95000.0,junior
24.0,sales associate,high_school,1.0,25000.0,junior
35.0,marketing manager,master,10.0,110000.0,junior
29.0,software engineer,bachelor,4.0,70000.0,junior
26.0,software developer,bachelor,2.0,35000.0,junior
41.0,human resources manager,master,13.0,140000.0,junior
36.0,operations manager,bachelor,9.0,110000.0,junior
28.0,sales associate,high_school,1.0,25000.0,junior
39.0,marketing coordinator,master,11.0,120000.0,junior
32.0,operations manager,bachelor,6.0,90000.0,junior
28.0,human resources coordinator,master,2.0,45000.0,junior
34.0,software engineer,bachelor,6.0,85000.0,junior
31.0,marketing manager,master,4.0,62000.0,junior
41.0,data scientist,phd,13.0,138000.0,junior
27.0,human resources coordinator,bachelor,2.0,47000.0,junior
25.0,sales associate,high_school,1.0,26000.0,junior
33.0,software developer,master,8.0,95000.0,junior
45.0,operations manager,bachelor,19.0,174000.0,junior
28.0,marketing coordinator,bachelor,2.0,41000.0,junior
42.0,data scientist,phd,16.0,162000.0,junior
34.0,human resources manager,bachelor,9.0,99000.0,junior
23.0,sales associate,high_school,1.0,26000.0,junior
36.0,marketing manager,master,11.0,117000.0,junior
30.0,software engineer,bachelor,5.0,75000.0,junior
27.0,software developer,bachelor,2.0,36000.0,junior
43.0,human resources manager,master,14.0,146000.0,junior
37.0,operations manager,bachelor,10.0,113000.0,junior
29.0,sales associate,high_school,1.0,26000.0,junior
44.0,data scientist,phd,17.0,168000.0,junior
30.0,software developer,bachelor,6.0,85000.0,junior
40.0,marketing coordinator,master,12.0,122000.0,junior
33.0,operations manager,bachelor,7.0,96000.0,junior
29.0,human resources coordinator,master,3.0,49000.0,junior
43.0,data scientist,phd,16.0,162000.0,junior
32.0,software developer,master,8.0,95000.0,junior
24.0,sales associate,high_school,1.0,26000.0,junior
31.0,marketing manager,master,5.0,68000.0,junior
39.0,operations manager,bachelor,13.0,127000.0,junior
25.0,human resources coordinator,bachelor,2.0,47000.0,junior
41.0,data scientist,phd,15.0,155000.0,junior
35.0,human resources manager,bachelor,8.0,92000.0,junior
26.0,sales associate,high_school,1.0,26000.0,junior
37.0,marketing manager,master,12.0,125000.0,junior
29.0,software engineer,bachelor,4.0,71000.0,junior
28.0,software developer,bachelor,2.0,36000.0,junior
44.0,human resources manager,master,15.0,152000.0,junior
38.0,operations manager,bachelor,11.0,119000.0,junior
30.0,sales associate,high_school,1.0,26000.0,junior
45.0,data scientist,phd,19.0,190000.0,junior
31.0,software developer,bachelor,6.0,85000.0,junior
41.0,marketing coordinator,master,13.0,131000.0,junior
34.0,operations manager,bachelor,8.0,101000.0,junior
30.0,human resources coordinator,master,3.0,49000.0,junior
44.0,data scientist,phd,18.0,182000.0,junior
27.0,software developer,bachelor,3.0,62000.0,junior
42.0,marketing manager,master,16.0,137000.0,junior
35.0,data scientist,phd,9.0,112000.0,junior
33.0,sales associate,high_school,1.0,25000.0,junior
36.0,operations manager,bachelor,7.0,91000.0,junior
43.0,data scientist,phd,17.0,179000.0,junior
31.0,software engineer,bachelor,5.0,74000.0,junior
28.0,software developer,bachelor,2.0,37000.0,junior
45.0,data scientist,phd,19.0,193000.0,junior
30.0,sales associate,high_school,1.0,25000.0,junior
45.0,marketing manager,master,20.0,204000.0,junior
27.0,software developer,bachelor,3.0,61000.0,junior
41.0,data scientist,phd,15.0,157000.0,junior
35.0,human resources manager,master,8.0,92000.0,junior
26.0,software engineer,bachelor,1.0,52000.0,junior
30.0,marketing coordinator,bachelor,4.0,58000.0,junior
32.0,marketing manager,master,6.0,77000.0,junior
34.0,operations manager,bachelor,8.0,104000.0,junior
31.0,sales associate,high_school,1.0,25000.0,junior
44.0,data scientist,phd,18.0,183000.0,junior
31.0,director of hr,master,6.0,95000.0,junior
28.0,web developer,bachelor,2.0,45000.0,junior
29.0,hr generalist,master,4.0,70000.0,senior
35.0,human resources manager,phd,10.0,110000.0,senior
26.0,web developer,high_school,1.0,35000.0,junior
32.0,hr generalist,bachelor,5.0,60000.0,junior
27.0,web developer,master,2.0,50000.0,junior
39.0,director of hr,master,12.0,120000.0,junior
23.0,hr generalist,bachelor,1.0,32000.0,junior
30.0,web developer,bachelor,4.0,65000.0,junior
26.0,hr coordinator,bachelor,1.0,35000.0,junior
42.0,human resources manager,phd,14.0,130000.0,senior
34.0,director of hr,master,9.0,95000.0,junior
28.0,junior hr generalist,high_school,2.0,43000.0,junior
29.0,web developer,bachelor,3.0,60000.0,junior
35.0,hr generalist,master,8.0,80000.0,senior
26.0,web developer,master,2.0,48000.0,junior
40.0,director of hr,phd,13.0,125000.0,junior
34.0,web developer,bachelor,7.0,85000.0,junior
26.0,hr generalist,bachelor,2.0,42000.0,junior
25.0,junior hr coordinator,high_school,1.0,32000.0,junior
33.0,web developer,master,6.0,80000.0,junior
27.0,hr generalist,bachelor,2.0,42000.0,junior
31.0,human resources manager,phd,7.0,90000.0,senior
42.0,hr generalist,master,12.0,110000.0,senior
34.0,director of hr,master,10.0,105000.0,junior
28.0,hr generalist,bachelor,3.0,50000.0,junior
33.0,director of hr,phd,8.0,95000.0,junior
25.0,hr generalist,high_school,2.0,40000.0,junior
26.0,hr generalist,master,2.0,55000.0,senior
30.0,web developer,bachelor,5.0,70000.0,junior
24.0,junior hr coordinator,high_school,1.0,32000.0,junior
31.0,director of hr,master,7.0,90000.0,junior
27.0,web developer,bachelor,2.0,50000.0,junior
26.0,hr generalist,bachelor,1.0,32000.0,junior
32.0,web developer,master,6.0,80000.0,junior
25.0,web developer,high_school,2.0,45000.0,junior
33.0,hr generalist,bachelor,7.0,65000.0,junior
28.0,hr coordinator,bachelor,3.0,45000.0,junior
34.0,director of hr,phd,9.0,95000.0,junior
26.0,hr coordinator,bachelor,2.0,38000.0,junior
42.0,human resources manager,master,13.0,125000.0,senior
34.0,web developer,master,8.0,90000.0,junior
31.0,hr generalist,bachelor,5.0,60000.0,junior
29.0,web developer,master,3.0,60000.0,junior
26.0,web developer,bachelor,1.0,35000.0,junior
32.0,director of hr,master,6.0,95000.0,junior
27.0,hr generalist,master,2.0,42000.0,junior
39.0,hr generalist,master,11.0,100000.0,senior
23.0,hr coordinator,bachelor,1.0,32000.0,junior
42.0,director of hr,phd,14.0,130000.0,junior
28.0,web developer,high_school,2.0,43000.0,junior
25.0,hr coordinator,high_school,1.0,32000.0,junior
31.0,hr coordinator,bachelor,4.0,500.0,junior
27.0,software engineer,bachelor,1.0,45000.0,junior
33.0,data scientist,master,8.0,120000.0,senior
29.0,marketing coordinator,bachelor,3.0,55000.0,junior
31.0,marketing manager,bachelor,5.0,70000.0,junior
38.0,research scientist,phd,12.0,140000.0,senior
25.0,sales associate,high_school,1.0,30000.0,junior
32.0,software engineer,master,7.0,100000.0,senior
27.0,data analyst,bachelor,2.0,50000.0,junior
29.0,marketing manager,bachelor,3.0,55000.0,junior
35.0,research scientist,phd,10.0,130000.0,senior
26.0,software engineer,bachelor,1.0,45000.0,junior
28.0,software engineer,bachelor,2.0,48000.0,junior
36.0,data scientist,master,9.0,125000.0,senior
30.0,marketing coordinator,bachelor,4.0,57000.0,junior
32.0,marketing manager,bachelor,6.0,72000.0,junior
39.0,research scientist,phd,13.0,145000.0,senior
26.0,sales associate,high_school,2.0,31000.0,junior
33.0,software engineer,master,8.0,105000.0,senior
28.0,data analyst,bachelor,3.0,52000.0,junior
30.0,marketing manager,bachelor,4.0,57000.0,junior
36.0,research scientist,phd,11.0,135000.0,senior
27.0,software engineer,bachelor,2.0,48000.0,junior
34.0,data scientist,master,9.0,125000.0,senior
26.0,product marketing manager,bachelor,5.0,85000.0,senior
28.0,marketing manager,master,7.0,110000.0,junior
34.0,director of marketing,phd,12.0,170000.0,junior
31.0,sales director,bachelor,9.0,140000.0,junior
29.0,digital marketing manager,bachelor,6.0,95000.0,junior
27.0,content marketing manager,master,4.0,80000.0,junior
33.0,sales director,phd,10.0,155000.0,junior
21.0,sales representative,high_school,0.0,25000.0,junior
36.0,sales manager,bachelor,11.0,160000.0,junior
25.0,marketing manager,bachelor,3.0,65000.0,junior
30.0,financial manager,master,7.0,120000.0,junior
28.0,director of marketing,phd,6.0,105000.0,junior
22.0,sales associate,high_school,0.0,25000.0,junior
31.0,content marketing manager,master,8.0,120000.0,junior
28.0,digital marketing manager,bachelor,4.0,80000.0,junior
29.0,product marketing manager,bachelor,6.0,100000.0,senior
35.0,director of marketing,phd,12.0,170000.0,junior
27.0,sales representative,high_school,3.0,50000.0,junior
33.0,marketing manager,bachelor,9.0,140000.0,junior
25.0,marketing manager,bachelor,2.0,55000.0,junior
29.0,content marketing manager,master,4.0,80000.0,junior
23.0,software engineer,bachelor,1.0,60000.0,junior
39.0,marketing manager,master,12.0,150000.0,junior
28.0,financial analyst,bachelor,4.0,80000.0,junior
31.0,research scientist,phd,8.0,120000.0,junior
35.0,project manager,bachelor,10.0,130000.0,junior
27.0,graphic designer,bachelor,2.0,50000.0,junior
42.0,software engineer,master,18.0,180000.0,senior
29.0,digital marketing specialist,bachelor,3.0,60000.0,junior
33.0,marketing manager,bachelor,7.0,110000.0,junior
24.0,sales associate,high_school,0.0,25000.0,junior
30.0,financial analyst,master,6.0,100000.0,junior
26.0,social media manager,bachelor,3.0,55000.0,junior
32.0,data scientist,phd,9.0,140000.0,junior
22.0,receptionist,high_school,0.0,25000.0,junior
37.0,product manager,bachelor,12.0,150000.0,junior
38.0,marketing director,master,14.0,170000.0,junior
25.0,software engineer,bachelor,1.0,55000.0,junior
29.0,marketing coordinator,bachelor,4.0,65000.0,junior
27.0,product designer,bachelor,3.0,60000.0,junior
34.0,director of research,phd,10.0,150000.0,junior
26.0,marketing analyst,bachelor,2.0,50000.0,junior
31.0,financial manager,master,7.0,120000.0,junior
28.0,software engineer,bachelor,3.0,85000.0,junior
36.0,marketing director,master,11.0,160000.0,junior
25.0,financial analyst,bachelor,1.0,55000.0,junior
29.0,data scientist,phd,5.0,100000.0,junior
33.0,project manager,bachelor,8.0,120000.0,junior
43.0,software engineer,master,19.0,185000.0,senior
30.0,digital marketing specialist,bachelor,4.0,65000.0,junior
34.0,marketing manager,bachelor,9.0,130000.0,junior
25.0,sales associate,high_school,0.0,25000.0,junior
31.0,financial analyst,master,6.0,100000.0,junior
27.0,social media manager,bachelor,3.0,55000.0,junior
33.0,research scientist,phd,10.0,150000.0,junior
23.0,receptionist,high_school,0.0,25000.0,junior
38.0,product manager,bachelor,13.0,160000.0,junior
39.0,marketing manager,master,14.0,170000.0,junior
26.0,software engineer,bachelor,1.0,55000.0,junior
30.0,marketing coordinator,bachelor,4.0,65000.0,junior
28.0,product designer,bachelor,3.0,60000.0,junior
35.0,director of research,phd,11.0,160000.0,junior
27.0,marketing analyst,bachelor,2.0,50000.0,junior
32.0,financial manager,master,8.0,120000.0,junior
27.0,software engineer,bachelor,3.0,85000.0,junior
35.0,marketing director,master,11.0,160000.0,junior
24.0,financial analyst,bachelor,1.0,55000.0,junior
28.0,data scientist,phd,5.0,100000.0,junior
32.0,project manager,bachelor,8.0,120000.0,junior
26.0,graphic designer,bachelor,2.0,50000.0,junior
41.0,software engineer,master,19.0,185000.0,senior
29.0,digital marketing specialist,bachelor,4.0,65000.0,junior
33.0,marketing manager,bachelor,9.0,130000.0,junior
32.0,research scientist,phd,10.0,150000.0,junior
37.0,product manager,bachelor,13.0,160000.0,junior
38.0,marketing manager,master,14.0,170000.0,junior
27.0,software engineer,bachelor,1.0,55000.0,junior
31.0,marketing coordinator,bachelor,4.0,65000.0,junior
29.0,product designer,bachelor,3.0,60000.0,junior
34.0,director of research,phd,11.0,160000.0,junior
31.0,financial manager,master,8.0,120000.0,junior
26.0,social media manager,bachelor,7.0,100000.0,junior
31.0,software engineer,bachelor,7.0,120000.0,junior
33.0,marketing manager,master,9.0,130000.0,junior
29.0,customer service representative,high_school,3.0,35000.0,junior
36.0,research scientist,phd,13.0,160000.0,junior
27.0,marketing coordinator,bachelor,2.0,50000.0,junior
31.0,project manager,bachelor,6.0,100000.0,junior
28.0,financial analyst,master,4.0,80000.0,junior
25.0,software engineer,bachelor,1.0,60000.0,junior
30.0,sales manager,bachelor,5.0,90000.0,junior
34.0,director of research,phd,11.0,170000.0,junior
28.0,marketing analyst,bachelor,3.0,60000.0,junior
32.0,product manager,bachelor,7.0,120000.0,junior
24.0,receptionist,high_school,0.0,25000.0,junior
37.0,marketing director,master,14.0,180000.0,junior
39.0,financial manager,bachelor,16.0,200000.0,junior
26.0,product designer,bachelor,2.0,50000.0,junior
31.0,data scientist,phd,8.0,140000.0,junior
29.0,marketing analyst,bachelor,4.0,70000.0,junior
27.0,software engineer,bachelor,3.0,80000.0,junior
36.0,research scientist,phd,12.0,160000.0,junior
25.0,product manager,bachelor,1.0,55000.0,junior
30.0,marketing coordinator,bachelor,5.0,85000.0,junior
28.0,marketing coordinator,bachelor,3.0,60000.0,junior
33.0,software engineer,master,9.0,120000.0,junior
26.0,graphic designer,bachelor,1.0,45000.0,junior
29.0,product manager,bachelor,5.0,80000.0,junior
35.0,research scientist,phd,11.0,150000.0,junior
27.0,software engineer,bachelor,2.0,65000.0,junior
31.0,marketing manager,bachelor,7.0,100000.0,junior
28.0,financial analyst,master,4.0,90000.0,junior
24.0,marketing analyst,bachelor,0.0,40000.0,junior
30.0,project manager,bachelor,6.0,110000.0,junior
34.0,director of research,phd,12.0,170000.0,junior
27.0,software engineer,bachelor,3.0,75000.0,junior
33.0,marketing manager,master,8.0,120000.0,junior
25.0,customer service representative,high_school,1.0,30000.0,junior
36.0,research scientist,phd,13.0,180000.0,junior
39.0,financial manager,bachelor,15.0,200000.0,junior
26.0,product designer,bachelor,1.0,50000.0,junior
28.0,marketing analyst,bachelor,3.0,65000.0,junior
32.0,product manager,bachelor,7.0,110000.0,junior
24.0,delivery driver,high_school,0.0,28000.0,junior
37.0,marketing director,master,14.0,190000.0,junior
39.0,financial manager,bachelor,16.0,210000.0,junior
26.0,product designer,bachelor,2.0,55000.0,junior
36.0,research scientist,phd,12.0,170000.0,junior
25.0,product manager,bachelor,1.0,60000.0,junior
30.0,marketing coordinator,bachelor,5.0,90000.0,junior
29.0,software engineer,bachelor,3.0,75000.0,junior
32.0,marketing manager,master,8.0,120000.0,junior
27.0,product manager,bachelor,2.0,65000.0,junior
30.0,data scientist,phd,6.0,100000.0,junior
36.0,financial analyst,bachelor,11.0,150000.0,junior
27.0,marketing coordinator,phd,7.0,120000.0,junior
33.0,software engineer,master,8.0,120000.0,junior
29.0,marketing analyst,bachelor,3.0,65000.0,junior
32.0,software engineer,master,9.0,120000.0,junior
34.0,software engineer,master,9.0,125000.0,junior
28.0,product manager,bachelor,3.0,70000.0,junior
31.0,data scientist,phd,7.0,110000.0,junior
37.0,financial analyst,bachelor,12.0,160000.0,junior
30.0,marketing analyst,bachelor,4.0,75000.0,junior
30.0,product manager,bachelor,5.0,85000.0,junior
36.0,research scientist,phd,11.0,155000.0,junior
28.0,software engineer,bachelor,3.0,70000.0,junior
32.0,marketing manager,bachelor,8.0,115000.0,junior
29.0,financial analyst,master,5.0,95000.0,junior
25.0,marketing analyst,bachelor,0.0,40000.0,junior
31.0,project manager,bachelor,6.0,115000.0,junior
35.0,director of research,phd,12.0,175000.0,junior
33.0,marketing manager,master,9.0,135000.0,junior
29.0,marketing analyst,bachelor,4.0,75000.0,junior
36.0,research scientist,phd,13.0,185000.0,junior
40.0,financial manager,bachelor,15.0,210000.0,junior
27.0,product designer,bachelor,1.0,45000.0,junior
32.0,data scientist,phd,9.0,145000.0,junior
28.0,marketing analyst,bachelor,3.0,70000.0,junior
38.0,marketing director,master,14.0,195000.0,junior
27.0,product designer,bachelor,2.0,55000.0,junior
30.0,marketing coordinator,bachelor,5.0,95000.0,junior
26.0,software engineer,master,2.0,75000.0,junior
39.0,research scientist,phd,14.0,185000.0,junior
32.0,marketing manager,bachelor,7.0,120000.0,junior
28.0,graphic designer,bachelor,3.0,60000.0,junior
35.0,data scientist,master,10.0,145000.0,junior
33.0,product manager,master,8.0,135000.0,junior
27.0,software engineer,bachelor,2.0,70000.0,junior
36.0,director of research,phd,12.0,175000.0,junior
29.0,sales associate,bachelor,2.0,45000.0,junior
45.0,sales manager,master,8.0,80000.0,junior
37.0,marketing manager,phd,7.0,90000.0,junior
23.0,sales executive,high_school,1.0,35000.0,junior
41.0,financial manager,bachelor,12.0,120000.0,junior
26.0,digital marketing manager,bachelor,4.0,60000.0,junior
33.0,content marketing manager,master,5.0,70000.0,junior
28.0,sales representative,high_school,3.0,40000.0,junior
50.0,product marketing manager,phd,15.0,150000.0,senior
35.0,sales representative,bachelor,2.0,35000.0,junior
42.0,director of marketing,master,13.0,130000.0,junior
27.0,sales associate,bachelor,1.0,35000.0,junior
48.0,sales director,phd,18.0,180000.0,junior
31.0,financial manager,high_school,4.0,60000.0,junior
36.0,sales manager,bachelor,6.0,75000.0,junior
25.0,digital marketing manager,master,3.0,50000.0,junior
39.0,marketing manager,phd,10.0,100000.0,junior
30.0,sales executive,high_school,2.0,40000.0,junior
44.0,content marketing manager,bachelor,11.0,110000.0,junior
29.0,sales representative,master,4.0,55000.0,junior
47.0,product marketing manager,phd,17.0,170000.0,senior
32.0,sales representative,bachelor,3.0,40000.0,junior
38.0,director of marketing,master,9.0,95000.0,junior
24.0,sales associate,high_school,1.0,35000.0,junior
40.0,sales director,phd,14.0,140000.0,junior
34.0,financial manager,bachelor,5.0,70000.0,junior
26.0,digital marketing manager,master,3.0,50000.0,junior
31.0,marketing manager,phd,6.0,75000.0,junior
27.0,sales executive,high_school,2.0,40000.0,junior
43.0,content marketing manager,bachelor,12.0,120000.0,junior
28.0,sales representative,master,2.0,40000.0,junior
46.0,product marketing manager,phd,16.0,160000.0,senior
33.0,sales representative,bachelor,4.0,55000.0,junior
39.0,director of marketing,master,10.0,100000.0,junior
25.0,sales associate,high_school,1.0,35000.0,junior
41.0,sales manager,bachelor,8.0,80000.0,junior
35.0,marketing manager,phd,7.0,90000.0,junior
23.0,sales executive,bachelor,1.0,35000.0,junior
42.0,financial manager,master,13.0,130000.0,junior
32.0,content marketing manager,master,5.0,70000.0,junior
27.0,sales representative,high_school,3.0,40000.0,junior
36.0,sales representative,bachelor,2.0,35000.0,junior
48.0,director of marketing,master,18.0,180000.0,junior
31.0,sales associate,high_school,2.0,40000.0,junior
29.0,sales director,bachelor,6.0,75000.0,junior
45.0,financial manager,phd,12.0,120000.0,junior
37.0,marketing manager,bachelor,7.0,90000.0,junior
41.0,content marketing manager,bachelor,11.0,110000.0,junior
26.0,sales representative,master,3.0,45000.0,junior
33.0,product marketing manager,phd,5.0,70000.0,senior
28.0,sales representative,bachelor,1.0,30000.0,junior
27.0,financial manager,high_school,4.0,60000.0,junior
50.0,sales manager,bachelor,15.0,150000.0,junior
35.0,marketing manager,phd,8.0,80000.0,junior
24.0,sales executive,bachelor,1.0,35000.0,junior
46.0,content marketing manager,master,16.0,160000.0,junior
29.0,sales representative,high_school,2.0,40000.0,junior
31.0,sales representative,bachelor,3.0,40000.0,junior
39.0,sales director,bachelor,10.0,100000.0,junior
33.0,financial manager,phd,5.0,70000.0,junior
27.0,digital marketing manager,master,3.0,50000.0,junior
43.0,marketing manager,bachelor,12.0,120000.0,junior
28.0,sales executive,high_school,2.0,40000.0,junior
31.0,sales associate,bachelor,3.0,50000.0,junior
46.0,marketing manager,master,14.0,140000.0,junior
38.0,financial manager,bachelor,10.0,100000.0,junior
24.0,digital marketing manager,phd,1.0,30000.0,junior
33.0,content marketing manager,master,6.0,75000.0,junior
50.0,sales manager,bachelor,18.0,180000.0,junior
35.0,product marketing manager,phd,8.0,80000.0,senior
41.0,director of marketing,master,12.0,120000.0,junior
26.0,financial manager,high_school,3.0,45000.0,junior
32.0,sales director,bachelor,7.0,90000.0,junior
27.0,marketing manager,phd,4.0,55000.0,junior
43.0,content marketing manager,master,16.0,160000.0,junior
28.0,sales representative,bachelor,2.0,40000.0,junior
31.0,sales representative,high_school,3.0,40000.0,junior
39.0,sales manager,bachelor,11.0,110000.0,junior
33.0,financial manager,phd,6.0,75000.0,junior
50.0,content marketing manager,master,15.0,150000.0,junior
36.0,sales representative,bachelor,5.0,70000.0,junior
48.0,product marketing manager,phd,19.0,190000.0,senior
45.0,director of marketing,master,14.0,140000.0,junior
42.0,sales manager,master,13.0,130000.0,junior
26.0,digital marketing manager,high_school,2.0,40000.0,junior
32.0,content marketing manager,bachelor,7.0,90000.0,junior
27.0,sales representative,phd,4.0,55000.0,junior
50.0,product marketing manager,master,18.0,180000.0,senior
36.0,sales representative,bachelor,3.0,45000.0,junior
48.0,director of marketing,phd,19.0,190000.0,junior
31.0,sales associate,high_school,3.0,50000.0,junior
29.0,financial manager,bachelor,4.0,55000.0,junior
45.0,marketing manager,master,13.0,130000.0,junior
25.0,sales executive,high_school,1.0,35000.0,junior
41.0,content marketing manager,bachelor,12.0,120000.0,junior
35.0,product marketing manager,phd,9.0,95000.0,senior
23.0,sales representative,bachelor,1.0,35000.0,junior
42.0,digital marketing manager,master,14.0,140000.0,junior
26.0,sales manager,high_school,2.0,40000.0,junior
32.0,director of marketing,bachelor,8.0,80000.0,junior
50.0,content marketing manager,master,19.0,190000.0,junior
36.0,sales director,bachelor,6.0,75000.0,junior
48.0,product marketing manager,phd,17.0,170000.0,senior
37.0,marketing manager,master,11.0,110000.0,junior
26.0,sales representative,bachelor,2.0,40000.0,junior
42.0,content marketing manager,phd,15.0,150000.0,junior
33.0,sales executive,high_school,4.0,55000.0,junior
29.0,sales manager,bachelor,5.0,70000.0,junior
45.0,director of marketing,master,16.0,160000.0,junior
39.0,financial manager,bachelor,10.0,100000.0,junior
31.0,product marketing manager,phd,7.0,90000.0,senior
43.0,content marketing manager,bachelor,14.0,140000.0,junior
28.0,sales representative,high_school,2.0,40000.0,junior
50.0,marketing manager,phd,18.0,180000.0,junior
35.0,sales executive,bachelor,7.0,90000.0,junior
23.0,sales manager,bachelor,1.0,35000.0,junior
32.0,sales director,bachelor,8.0,80000.0,junior
50.0,content marketing manager,master,18.0,180000.0,junior
36.0,sales representative,bachelor,6.0,75000.0,junior
29.0,sales director,bachelor,5.0,70000.0,junior
45.0,director of marketing,master,15.0,150000.0,junior
38.0,marketing manager,master,12.0,120000.0,junior
27.0,sales representative,bachelor,3.0,45000.0,junior
43.0,content marketing manager,phd,16.0,160000.0,junior
34.0,sales executive,high_school,5.0,70000.0,junior
30.0,sales manager,bachelor,6.0,75000.0,junior
46.0,director of marketing,master,17.0,170000.0,junior
40.0,financial manager,bachelor,11.0,110000.0,junior
32.0,product marketing manager,phd,8.0,80000.0,senior
28.0,digital marketing manager,master,4.0,55000.0,junior
44.0,content marketing manager,bachelor,15.0,150000.0,junior
51.0,marketing manager,phd,19.0,190000.0,junior
36.0,sales executive,bachelor,8.0,80000.0,junior
24.0,sales manager,bachelor,1.0,35000.0,junior
27.0,financial manager,high_school,3.0,45000.0,junior
33.0,sales director,bachelor,7.0,90000.0,junior
28.0,marketing manager,phd,4.0,55000.0,junior
51.0,content marketing manager,master,19.0,190000.0,junior
37.0,sales representative,bachelor,7.0,90000.0,junior
49.0,product marketing manager,phd,20.0,200000.0,senior
32.0,sales representative,high_school,3.0,40000.0,junior
30.0,sales director,bachelor,5.0,70000.0,junior
46.0,director of marketing,master,16.0,160000.0,junior
26.0,sales associate,high_school,1.0,35000.0,junior
42.0,financial manager,bachelor,13.0,130000.0,junior
36.0,marketing manager,phd,9.0,95000.0,junior
43.0,sales manager,master,14.0,140000.0,junior
27.0,digital marketing manager,high_school,2.0,40000.0,junior
33.0,content marketing manager,bachelor,7.0,90000.0,junior
28.0,sales representative,phd,4.0,55000.0,junior
51.0,product marketing manager,master,19.0,190000.0,senior
37.0,sales representative,bachelor,6.0,75000.0,junior
49.0,director of marketing,phd,20.0,200000.0,junior
32.0,sales associate,high_school,3.0,50000.0,junior
30.0,financial manager,bachelor,4.0,55000.0,junior
26.0,sales executive,high_school,1.0,35000.0,junior
42.0,content marketing manager,bachelor,13.0,130000.0,junior
36.0,product marketing manager,phd,10.0,100000.0,senior
24.0,sales representative,bachelor,1.0,35000.0,junior
43.0,digital marketing manager,master,15.0,150000.0,junior
27.0,sales manager,high_school,2.0,40000.0,junior
33.0,director of marketing,bachelor,8.0,80000.0,junior
37.0,sales director,bachelor,7.0,90000.0,junior
30.0,sales manager,bachelor,5.0,70000.0,junior
